# File generated by ImageToStl.com - Free Image and 3D model conversion tools

mtllib Untitled.mtl

o obj1
v -7.80670568 97.88785078 -1099.78773565
v -0.70355721 95.00466707 -1100.68218576
v 0 96.48958032 -1097.77700865
v 6.58845007 97.76235929 -1099.41742394
v -7.81193525 96.92800821 -1097.63452987
v 0 96.48958032 -1097.77700865
v -7.80670568 97.88785078 -1099.78773565
v 7.82321095 110.75449654 -1093.1384373
v 6.50817752 111.03875067 -1094.35065259
v 6.58845007 97.76235929 -1099.41742394
v 6.58845007 97.76235929 -1099.41742394
v 0 96.48958032 -1097.77700865
v 7.81193525 96.92800821 -1097.63452987
v 7.81193525 96.92800821 -1097.63452987
v -7.80670568 97.88785078 -1099.78773565
v -7.81193525 96.92800821 -1097.63452987
v -7.82321095 110.75449654 -1093.1384373
v 7.82321095 110.75449654 -1093.1384373
v 6.58845007 97.76235929 -1099.41742394
v 9.47179943 104.43207692 -1096.7870973
v -10.70463657 104.43207675 -1097.37322543
v -7.80670568 97.88785078 -1099.78773565
v -7.82321095 110.75449654 -1093.1384373
v -7.82321095 110.75449654 -1093.1384373
v -7.80670568 97.88785078 -1099.78773565
v -7.75318444 111.16545809 -1094.71667277
v -7.75318444 111.16545809 -1094.71667277
v -7.80670568 97.88785078 -1099.78773565
v 0 110.54814528 -1093.2055759
v 6.50817752 111.03875067 -1094.35065259
v 0 96.48958032 -1097.77700865
v -10.70463657 104.43207675 -1097.37322543
v 9.47179943 104.43207692 -1096.7870973
v -0.5292831 113.85948064 -1093.47813697
v 6.58845007 97.76235929 -1099.41742394
v 0 63.19130147 0.76328581
v -32.72941113 63.19130147 0.76328581
v -30.20090461 16.54334798 97.8022231
v 0 16.54334798 97.8022231
v -24.06295985 -63.12733406 175.38831199
v -25.15842021 -78.04249098 164.75302589
v -2.79574245 -60.94012915 198.16415994
v -9.23980474 -56.96920286 198.16415873
v -89.46304321 45.59181102 -69.22840618
v -26.72957182 107.18316855 -60.57284849
v -23.02812338 114.84843103 -102.39109255
v -93.66948605 58.08426608 -107.69607853
v -193.84526014 -79.73332242 -612.29263283
v -166.83638096 -85.52717106 -527.21221341
v -174.70442057 -85.87548364 -530.44383351
v -204.83360291 -78.815942 -613.82289864
v -92.5293088 -97.83323137 -68.55592709
v -92.22298265 -73.67910245 -66.4368645
v -103.24015617 -87.16902414 -100.00471214
v -101.48317814 -94.45831889 -98.88879198
v -89.46304321 45.59181102 -69.22840618
v -93.66948605 58.08426608 -107.69607853
v 0 -29.29838949 177.68420073
v -11.45433858 -29.29838949 177.68420073
v -5.2632235 -49.77663716 198.16415655
v 0 -49.77663716 198.16415655
v -65.21828771 -69.92230817 102.84666101
v -60.62776446 -22.43914819 97.69080405
v -82.6446414 25.34225815 -6.87450964
v -84.71726179 -72.04706119 -4.72744075
v -60.33627391 -95.57115561 96.81037635
v -83.49882364 -98.4733774 -3.67124757
v -30.20090461 16.54334798 97.8022231
v -32.72941113 63.19130147 0.76328581
v 0 87.81450056 -18.20014219
v -29.72949147 87.81450056 -18.20014219
v -32.72941113 63.19130147 0.76328581
v 0 63.19130147 0.76328581
v 0 107.18316855 -60.57284849
v -3.18287238 108.16381813 -65.92285942
v -23.07315469 108.16381813 -65.92285942
v -88.4701252 -72.25179525 -37.82354112
v -86.05384231 35.46703458 -38.05146015
v -87.73797154 -98.87192956 -42.39981593
v -29.72949147 87.81450056 -18.20014219
v -26.72957182 107.18316855 -60.57284849
v -29.72949147 87.81450056 -18.20014219
v 0 87.81450056 -18.20014219
v 0 -53.48262384 198.11808329
v 0 -49.77663716 198.16415655
v -5.2632235 -49.77663716 198.16415655
v -8.97179842 -53.48262384 198.11808329
v 0 -60.94012915 198.16415994
v 0 -56.96920286 198.16415873
v -23.80999923 -46.29828403 176.93946981
v -24.06295985 -63.12733406 175.38831199
v -9.23980474 -56.96920286 198.16415873
v -8.97179842 -53.48262384 198.11808329
v -11.45433858 -29.29838949 177.68420073
v -5.2632235 -49.77663716 198.16415655
v -32.52209723 -42.04933859 154.95643308
v -16.41625166 -15.28987962 155.66288294
v -32.6700598 -66.5503577 152.32265478
v -16.41625166 -15.28987962 155.66288294
v 0 -15.28987962 155.66288294
v -40.89234471 -90.07664539 136.38209392
v -25.15842021 -78.04249098 164.75302589
v -101.27024651 -70.44682912 -1058.56140037
v -99.79415536 -32.33864472 -1057.48643042
v -99.79415536 -30.86918772 -1066.94544788
v -101.27024651 -68.9773751 -1068.02041783
v 0 -83.90554534 -749.57526462
v -100.68076849 -83.90554832 -759.40383036
v -101.27024651 -80.37726766 -948.80914345
v 0 -80.37725235 -898.27175702
v -96.11565471 105.94671322 -942.36589126
v -96.11565471 104.13633478 -925.77205595
v -127.46658325 141.79329221 -921.48577891
v -127.53914595 143.69080071 -938.06931457
v -96.11565471 119.81782939 -1069.50792059
v -96.18402719 62.31230441 -1106.1842081
v -99.87635612 -28.47566681 -1140.83364186
v 0 -70.44682791 -1054.55148669
v -101.27024651 -70.44682912 -1058.56140037
v -101.27024651 -68.9773751 -1068.02041783
v 0 -68.9773751 -1068.02041783
v -96.11565471 118.34837658 -1056.03898945
v 0 457.53527919 -1263.03110915
v -2.59916857 457.53527919 -1263.03110915
v -1.5265502 493.00513501 -1275.01708729
v 0 493.00513501 -1275.01708729
v 0 -59.95049071 -1143.49667201
v -101.35798454 -59.95049071 -1143.49667201
v -100.69316626 -20.21262765 -1245.57453138
v 0 -20.21262765 -1245.57453138
v -101.35798454 -59.95049071 -1143.49667201
v -100.54117441 -16.98400547 -1245.30140008
v -100.69316626 -20.21262765 -1245.57453138
v 0 492.63711472 -1266.57668952
v 1.53767895 492.63711472 -1266.57668952
v 1.5265502 493.00513501 -1275.01708729
v 0 493.00513501 -1275.01708729
v -2.65798252 455.59043275 -1167.53475724
v -2.67769173 454.93865385 -1135.53298131
v -1.66680589 488.36711608 -1168.64341336
v -1.6316019 489.53125802 -1195.34304731
v 0 188.38057576 -1067.29932741
v -14.50208426 188.38057576 -1067.29932741
v -10.4276441 198.65943227 -1101.36199609
v 0 198.65943227 -1101.36199609
v -9.56728533 227.11027234 -948.95715146
v -9.78885517 219.78330329 -902.61516611
v -2.89572775 447.72854569 -1128.39148565
v -2.86757182 448.65961215 -1146.91183784
v 0 248.97459306 -1087.24563126
v -8.90610144 248.97459306 -1087.24563126
v -8.90610218 237.30311853 -1103.84709188
v 0 237.30311853 -1103.84709188
v 0 237.05020439 -1103.03551511
v -9.26669762 237.05020439 -1103.03551511
v -8.90610144 248.97459306 -1087.24563126
v 0 248.97459306 -1087.24563126
v -9.71110836 222.35422718 -951.17415631
v -9.86003503 217.42944547 -900.28381358
v 0 451.43798198 -1202.17801837
v -2.78355256 451.43798198 -1202.17801837
v -2.59916857 457.53527919 -1263.03110915
v 0 457.53527919 -1263.03110915
v -95.18024325 84.77335642 -596.87553874
v -17.76242703 147.13578062 -587.37128878
v -16.95206165 152.10465065 -662.00740249
v -95.41273713 88.88068299 -672.15795716
v -10.28272882 203.45162174 -941.57570641
v -10.23416594 205.05752985 -888.0295739
v -10.02163067 212.08572473 -894.99082509
v -9.87418666 216.96145781 -965.47802708
v -9.43420157 231.51107601 -1175.81782615
v 0 231.51107601 -1175.81782615
v 0 -87.56231449 -595.46457332
v -100.0698328 -87.56231563 -599.23301671
v -100.36818981 -85.77645336 -677.45599328
v 0 -85.77645132 -670.72791755
v -98.66963029 -58.16685354 -598.21326185
v -95.18024325 84.77335642 -596.87553874
v -95.41273713 88.88068299 -672.15795716
v -98.94913435 -55.98502576 -676.42245795
v -9.91679206 215.55261531 -898.424816
v -9.70596224 222.52440541 -967.41093553
v 0 231.51107601 -1175.81782615
v -9.43420157 231.51107601 -1175.81782615
v -9.07683 243.3288399 -1173.2717105
v 0 243.3288399 -1173.2717105
v 0 147.13578062 -587.37128878
v 0 152.10465065 -662.00740249
v -194.07191277 -65.20510437 -613.08876441
v -300.19249916 -60.06653099 -736.84362663
v -323.77364635 -60.54478879 -743.92360797
v -205.2508831 -66.02982442 -614.83184208
v 0 243.3288399 -1173.2717105
v -9.07683 243.3288399 -1173.2717105
v 0 272.53506017 -1182.39132373
v -1.09228734 272.53506017 -1182.39132373
v -2.07928587 457.07937553 -1262.18024094
v 0 457.07937553 -1262.18024094
v -204.83360291 -78.815942 -613.82289864
v -205.2508831 -66.02982442 -614.83184208
v -323.77364635 -60.54478879 -743.92360797
v -324.28176403 -75.43060524 -744.41169389
v -8.90610144 248.97459306 -1087.24563126
v -2.78355256 451.43798198 -1202.17801837
v -2.07928587 457.07937553 -1262.18024094
v -1.09228734 272.53506017 -1182.39132373
v -400.12340546 -64.32149231 -858.43765112
v -300.796175 -76.51574719 -737.38893252
v -324.28176403 -75.43060524 -744.41169389
v -435.21122932 -62.02668761 -870.04214956
v -1.09228734 244.279128 -1174.93529996
v 0 244.279128 -1174.93529996
v -1.09228734 244.279128 -1174.93529996
v -8.90610218 237.30311853 -1103.84709188
v -94.34813261 70.07325443 -327.44010525
v -99.20277596 -65.97563306 -323.59306174
v 1.09228734 272.53506017 -1182.39132373
v 1.09228734 244.279128 -1174.93529996
v 0 244.279128 -1174.93529996
v -94.88421082 79.5435795 -501.01993679
v -98.31374288 -53.66339524 -498.63089502
v 0 -99.16670579 -106.40855887
v -101.48317814 -94.45831889 -98.88879198
v -100.53546429 -93.95390555 -324.56363129
v 0 -93.95390602 -326.09711547
v -167.13238955 -85.44101275 -527.83567791
v -141.83177948 -93.04479615 -338.82647214
v -147.62620926 -92.91723688 -340.82773354
v -176.59547329 -85.8460036 -531.79290097
v -99.68993664 -82.55466768 -499.63315011
v 0 -89.83621417 -499.6331479
v -20.66272348 129.35221099 -320.24872874
v -94.34813261 70.07325443 -327.44010525
v 0 114.84843103 -102.39109255
v 0 129.35221099 -320.24872874
v -116.77571535 -93.82106711 -175.0941275
v -118.92145872 -93.73165147 -185.78675781
v -18.79425049 140.80901592 -492.33851655
v -94.88421082 79.5435795 -501.01993679
v -119.65000629 -85.86623919 -177.03578663
v -142.40674973 -80.93888646 -339.20594275
v -148.46884012 -83.03843056 -341.396627
v -121.9525218 -85.68344101 -187.84427646
v 0 140.80901592 -492.33851655
v -1.09228734 244.279128 -1174.93529996
v -118.92145872 -93.73165147 -185.78675781
v -121.9525218 -85.68344101 -187.84427646
v -148.46884012 -83.03843056 -341.396627
v -147.62620926 -92.91723688 -340.82773354
v -2.78355256 451.43798198 -1202.17801837
v 0 451.43798198 -1202.17801837
v 0 457.07937553 -1262.18024094
v -2.07928587 457.07937553 -1262.18024094
v 2.07928587 457.07937553 -1262.18024094
v -116.77571535 -93.82106711 -175.0941275
v -119.65000629 -85.86623919 -177.03578663
v -9.91679206 215.55261531 -898.424816
v 0 215.55261531 -898.424816
v 0 217.42944547 -900.28381358
v -9.86003503 217.42944547 -900.28381358
v -166.46724939 -68.98605068 -527.37782394
v -176.03009939 -71.13602682 -531.41138808
v -10.02163067 212.08572473 -894.99082509
v 0 212.08572473 -894.99082509
v -166.46724939 -68.98605068 -527.37782394
v -167.13238955 -85.44101275 -527.83567791
v -176.59547329 -85.8460036 -531.79290097
v -176.03009939 -71.13602682 -531.41138808
v -10.23416594 205.05752985 -888.0295739
v 0 205.05752985 -888.0295739
v -176.03009939 -71.13602682 -531.41138808
v -176.59547329 -85.8460036 -531.79290097
v -2.89572775 447.72854569 -1128.39148565
v 0 447.72854569 -1128.39148565
v 0 454.93865385 -1135.53298131
v -2.67769173 454.93865385 -1135.53298131
v 0 219.78330329 -902.61516611
v -9.78885517 219.78330329 -902.61516611
v -16.10310823 157.31012616 -740.1976214
v -95.65631151 93.18358916 -751.02518907
v -95.65631151 93.18358916 -751.02518907
v -99.24194813 -53.69929035 -758.35599005
v 0 488.36711608 -1168.64341336
v -1.66680589 488.36711608 -1168.64341336
v -1.53767895 492.63711472 -1266.57668952
v -1.5265502 493.00513501 -1275.01708729
v -99.87635612 -28.47566681 -1140.83364186
v 0 -28.47566681 -1140.83364186
v 0 -16.98400547 -1245.30140008
v -100.54117441 -16.98400547 -1245.30140008
v -100.69316626 -20.21262765 -1245.57453138
v -100.54117441 -16.98400547 -1245.30140008
v 0 -16.98400547 -1245.30140008
v 0 -20.21262765 -1245.57453138
v 0 157.31012616 -740.1976214
v -420.64490318 -60.62423472 -956.75134772
v -458.06832314 -58.30963209 -957.68203902
v -399.45144653 -45.889969 -857.82720988
v -434.62915421 -44.97489239 -869.48301557
v -434.62915421 -44.97489239 -869.48301557
v -435.21122932 -62.02668761 -870.04214956
v -14.50208426 188.38057576 -1067.29932741
v 0 188.38057576 -1067.29932741
v 0 191.91493824 -1072.51964539
v -14.263767 191.91493824 -1072.51964539
v -40.89234471 -90.07664539 136.38209392
v 0 -88.49149184 149.83844756
v 0 -78.71811865 173.89860618
v -25.15842021 -78.04249098 164.75302589
v -60.33627391 -95.57115561 96.81037635
v 0 -96.97578597 98.53484613
v 0 -60.94012915 198.16415994
v -2.79574245 -60.94012915 198.16415994
v -167.12355614 -69.27533605 -528.15034759
v -175.18650293 -71.10469868 -531.60937085
v -92.5293088 -97.83323137 -68.55592709
v 0 -97.70963488 -67.49711637
v 0 -98.56634774 -39.8040491
v -87.73797154 -98.87192956 -42.39981593
v -174.70442057 -85.87548364 -530.44383351
v -175.18650293 -71.10469868 -531.60937085
v -308.37459564 -67.56805454 -953.95936919
v -306.19368553 -62.52388789 -1034.91390792
v -99.0893364 -72.94765799 -1029.76368291
v -420.15209198 -47.47122037 -956.31390137
v -457.69071579 -47.24653505 -957.31926472
v 0 -98.60801865 -4.77551763
v -83.49882364 -98.4733774 -3.67124757
v -166.83638096 -85.52717106 -527.21221341
v -167.12355614 -69.27533605 -528.15034759
v -175.18650293 -71.10469868 -531.60937085
v -174.70442057 -85.87548364 -530.44383351
v -457.69071579 -47.24653505 -957.31926472
v -458.06832314 -58.30963209 -957.68203902
v -99.68993664 -82.55466768 -499.63315011
v -98.31374288 -53.66339524 -498.63089502
v -142.93472767 -63.78724218 -517.77332551
v -143.23228598 -84.48224525 -517.51725773
v -99.24194813 -53.69929035 -758.35599005
v -99.79415536 -49.38868991 -947.73417134
v -307.53610134 -48.14527039 -953.29781131
v -293.91827583 -48.63519288 -822.85988819
v -455.50980568 -49.41779248 -1038.27380127
v -455.88741302 -55.73306153 -1038.63657701
v -98.31374288 -53.66339524 -498.63089502
v -98.66963029 -58.16685354 -598.21326185
v -160.53498983 -62.73093826 -607.8595314
v -142.93472767 -63.78724218 -517.77332551
v -160.88023186 -82.48546368 -607.70174002
v -230.33938408 -79.77117903 -716.32060072
v -98.94913435 -55.98502576 -676.42245795
v -229.44910526 -58.6317516 -715.60368259
v -294.85981464 -71.20590641 -823.62415582
v -143.23228598 -84.48224525 -517.51725773
v -418.46399307 -57.43076812 -1037.70588589
v -455.88741302 -55.73306153 -1038.63657701
v -454.56581116 -51.40040615 -1076.38748327
v -417.52667427 -52.66769809 -1083.14626693
v -306.19368553 -62.52388789 -1034.91390792
v -305.35519123 -46.71818116 -1034.25234895
v -303.45749855 -49.66186104 -1105.50019908
v -304.49037552 -54.81921769 -1105.86459641
v -99.79415536 -49.38868991 -947.73417134
v -101.27024651 -80.37726766 -948.80914345
v -99.0893364 -72.94765799 -1029.76368291
v -97.61325121 -47.73003966 -1028.68870905
v -97.61325121 -47.73003966 -1028.68870905
v -183.60228539 -47.80462569 -1018.09939742
v -185.17053127 -48.99733255 -959.88636426
v -382.61342049 -47.69590272 -955.30853802
v -305.35519123 -46.71818116 -1034.25234895
v -380.43251038 -48.06798831 -1036.26307511
v -416.94879532 -48.94955206 -1083.10239904
v -417.52667427 -52.66769809 -1083.14626693
v -454.56581116 -51.40040615 -1076.38748327
v -454.11744118 -48.69465675 -1076.31586317
v -454.11744118 -48.69465675 -1076.31586317
v -454.56581116 -51.40040615 -1076.38748327
v -305.44281006 -49.714238 -1103.46200668
v -379.78012562 -49.20444737 -1089.88893492
v -305.35519123 -46.71818116 -1034.25234895
v -306.19368553 -62.52388789 -1034.91390792
v -306.40931129 -56.46957986 -1103.42252252
v -305.44281006 -49.714238 -1103.46200668
v -99.08852577 -53.78393219 -1142.97148553
v -100.87571144 -62.01013481 -1143.54368752
v -304.49037552 -54.81921769 -1105.86459641
v -303.45749855 -49.66186104 -1105.50019908
v -99.08852577 -53.78393219 -1142.97148553
v -303.45749855 -49.66186104 -1105.50019908
v -304.49037552 -54.81921769 -1105.86459641
v -100.87571144 -62.01013481 -1143.54368752
v -100.87571144 -62.01013481 -1143.54368752
v -99.08852577 -53.78393219 -1142.97148553
v -1.6316019 489.53125802 -1195.34304731
v 0 489.53125802 -1195.34304731
v -9.07683 243.3288399 -1173.2717105
v -9.14347768 241.12490556 -1151.4635663
v -9.31377709 235.49336006 -1086.94789011
v -9.26669762 237.05020439 -1103.03551511
v -9.43420157 231.51107601 -1175.81782615
v -9.48081166 229.96975461 -1153.53522927
v -10.4276441 198.65943227 -1101.36199609
v -10.41229218 199.16710199 -1084.43485236
v -2.79245321 451.14363223 -1196.32331733
v -2.60539912 457.32924096 -1252.91453375
v -2.59916857 457.53527919 -1263.03110915
v -8.97614509 246.65836142 -1072.59586053
v -14.50208426 188.38057576 -1067.29932741
v -14.50208426 186.69418616 -1053.04514091
v -1.53767895 492.63711472 -1266.57668952
v -1.5265502 493.00513501 -1275.01708729
v 1.6316019 489.53125802 -1195.34304731
v -99.79415536 -44.74032132 -977.65598517
v 0 -77.54814918 -940.87839011
v -101.27024651 -77.54816065 -978.73095673
v -101.27024651 -77.54816065 -978.73095673
v -14.50208426 170.20068439 -913.63476048
v -45.86268663 207.86926472 -909.34695756
v -49.33747053 168.36347447 -888.6566989
v -34.72679853 150.81397416 -890.65445018
v -121.41546011 162.74743367 -917.48922301
v -70.27103305 204.14769426 -909.88301667
v -70.1728344 206.40498763 -928.51456767
v -121.52769566 164.55086207 -934.56828773
v -127.5627017 156.12076435 -1051.73917027
v -14.50208426 186.69418616 -1053.04514091
v -32.00409412 172.0374422 -1053.68714991
v -70.051682 220.40131174 -1047.58775082
v -45.963642 224.48399041 -1048.74341439
v -101.27024651 -80.37726766 -948.80914345
v -99.79415536 -49.38868991 -947.73417134
v -14.50208426 172.46164926 -932.745342
v -14.50208426 186.69418616 -1053.04514091
v -45.963642 224.48399041 -1048.74341439
v -45.93889713 210.22173463 -928.44695333
v -75.89093447 117.61140162 -896.75967127
v -90.49763083 135.15612164 -894.76249219
v -127.46658325 141.79329221 -921.48577891
v -96.11565471 104.13633478 -925.77205595
v 1.66680589 488.36711608 -1168.64341336
v -14.50208426 172.46164926 -932.745342
v -75.89093447 117.61140162 -896.75967127
v -96.72390819 76.38181193 -907.69200698
v -96.0349977 99.87343906 -873.6423185
v -70.27103305 204.14769426 -909.88301667
v -121.41546011 162.74743367 -917.48922301
v -84.38204527 156.26348278 -890.74190375
v -73.91596437 164.70531142 -889.1896109
v -121.52769566 164.55086207 -934.56828773
v -121.65921926 177.18352877 -1049.48087628
v -121.41546011 162.74743367 -917.48922301
v -14.50208426 170.20068439 -913.63476048
v -45.86268663 207.86926472 -909.34695756
v -45.93889713 210.22173463 -928.44695333
v -45.963642 224.48399041 -1048.74341439
v -70.051682 220.40131174 -1047.58775082
v -45.86268663 207.86926472 -909.34695756
v -121.65921926 177.18352877 -1049.48087628
v -78.58751416 160.50602001 -1052.82864895
v -73.94440174 160.63849721 -1053.00927487
v -78.55839133 160.50219339 -1052.83027019
v -82.82387257 161.74963502 -1052.53644357
v -121.65921926 177.18352877 -1049.48087628
v -82.76219368 129.53099287 -1055.54909043
v -96.11565471 118.34837658 -1056.03898945
v -127.5627017 156.12076435 -1051.73917027
v -67.61348248 163.55029088 -1053.00031122
v -73.94440174 160.63849721 -1053.00927487
v -75.51137209 162.0726027 -1111.67310987
v -63.15181255 167.75716818 -1111.65565935
v -74.59326982 189.06269633 -1050.32678884
v -65.52878618 184.07591013 -1051.16926307
v -76.61929727 177.45522229 -1037.35262078
v -85.62503457 186.02628135 -1050.15188409
v -91.05305672 175.58629104 -1050.9017549
v -87.70988584 165.50072171 -1051.98283686
v -102.38509178 171.56490355 -1109.66925263
v -108.91180038 191.25448444 -1107.55868234
v -65.52878618 184.07591013 -1051.16926307
v -62.18927503 173.92941293 -1052.25597169
v -67.61345863 163.55029088 -1053.00021585
v -76.61929727 177.45522229 -1037.35262078
v -63.30894232 169.21100269 -1052.65031452
v -67.61348248 163.55029088 -1053.00031122
v -63.15181255 167.75716818 -1111.65565935
v -54.74825501 178.80832055 -1110.97235518
v -62.63616681 178.50886095 -1051.80965358
v -62.19127178 173.89870463 -1052.2588327
v -63.30894232 169.21100269 -1052.65031452
v -62.18927503 173.92941293 -1052.25597169
v -62.18927503 173.92941293 -1052.25597169
v -52.56237984 188.01983551 -1110.20245683
v -74.56455827 189.05873858 -1050.32841009
v -70.37422657 187.80782796 -1050.61937569
v -74.59326982 189.06269633 -1050.32678884
v -79.19749618 188.95621867 -1050.14549536
v -89.96927738 180.27138229 -1050.50912868
v -85.62507033 186.02628135 -1050.15207482
v -98.31500053 211.63600341 -1106.09518017
v -106.79599047 200.40098267 -1106.7922172
v -89.96927738 180.27138229 -1050.50912868
v -91.05305672 175.58629104 -1050.9017549
v -90.59051275 171.02293628 -1051.34740545
v -91.05483294 175.55597612 -1050.90461592
v -91.05305672 175.58629104 -1050.9017549
v -108.91180038 191.25448444 -1107.55868234
v -85.62503457 186.02628135 -1050.15188409
v -87.70988584 165.50072171 -1051.98283686
v -91.05305672 175.58629104 -1050.9017549
v -85.62507033 186.02628135 -1050.15207482
v -79.19749618 188.95621867 -1050.14549536
v -85.76674461 217.35597405 -1106.0823073
v -98.31500053 211.63600341 -1106.09518017
v -78.58751416 160.50602001 -1052.82864895
v -62.18927503 173.92941293 -1052.25597169
v -65.52878618 184.07591013 -1051.16926307
v -59.08195376 207.82836342 -1108.08091932
v -52.56237984 188.01983551 -1110.20245683
v -108.91180038 191.25448444 -1107.55868234
v -102.38509178 171.56490355 -1109.66925263
v -102.38506794 171.56487971 -1109.66944336
v -108.00880194 182.34566562 -1108.42871657
v -52.56237984 188.01983551 -1110.20245683
v -54.74825501 178.80832055 -1110.97235518
v -63.15181255 167.75716818 -1111.65565935
v -63.15176487 167.75716818 -1111.65546862
v -59.08190608 207.82831574 -1108.08111006
v -53.43482494 196.9600779 -1109.33118284
v -52.56237984 188.01983551 -1110.20245683
v -59.08195376 207.82836342 -1108.08091932
v -85.76674461 217.35597405 -1106.0823073
v -76.77812576 217.56385107 -1106.43621584
v -98.31492901 211.63600342 -1106.0947987
v -98.31500053 211.63600341 -1106.09518017
v -68.54148507 215.11402891 -1107.00746591
v -76.77812576 217.56385107 -1106.43621584
v -108.91180038 191.25448444 -1107.55868234
v -106.79599047 200.40098267 -1106.7922172
v -84.57590342 161.81396638 -1111.32053646
v -92.84635186 164.24183019 -1110.75004932
v -75.51137209 162.0726027 -1111.67310987
v -84.57590342 161.81396638 -1111.32053646
v -98.31492901 211.63600342 -1106.0947987
v -76.77812576 217.56385107 -1106.43621584
v -70.37422657 187.80782796 -1050.61937569
v -65.52876234 184.07587436 -1051.16935844
v -59.08190608 207.82831574 -1108.08111006
v -68.54148507 215.11402891 -1107.00746591
v -78.58751416 160.50602001 -1052.82864895
v -82.82387257 161.74963502 -1052.53644357
v -92.84635186 164.24183019 -1110.75004932
v -84.57590342 161.81396638 -1111.32053646
v -65.52876234 184.07587436 -1051.16935844
v -62.63616681 178.50886095 -1051.80965358
v -53.43482494 196.9600779 -1109.33118284
v -59.08190608 207.82831574 -1108.08111006
v -74.59326982 189.06269633 -1050.32678884
v -76.77812576 217.56385107 -1106.43621584
v -87.70987391 165.50070979 -1051.98293223
v -102.38506794 171.56487971 -1109.66944336
v -78.58751416 160.50602001 -1052.82864895
v -67.61345863 163.55029088 -1053.00021585
v -63.15176487 167.75716818 -1111.65546862
v -84.57590342 161.81396638 -1111.32053646
v -87.70987391 165.50070979 -1051.98293223
v -90.59051275 171.02293628 -1051.34740545
v -108.00880194 182.34566562 -1108.42871657
v -102.38506794 171.56487971 -1109.66944336
v -87.70988584 165.50072171 -1051.98283686
v -102.38509178 171.56490355 -1109.66925263
v -59.08195376 207.82836342 -1108.08091932
v -67.61345863 163.55029088 -1053.00021585
v -63.15176487 167.75716818 -1111.65546862
v -85.62503457 186.02628135 -1050.15188409
v -98.31492901 211.63600342 -1106.0947987
v -42.69107878 24.02599933 -1120.96395231
v -45.27891874 25.80583266 -1120.28465075
v -42.72429347 24.05744674 -1120.95193602
v -40.84923267 21.6066559 -1121.88729888
v -42.69107878 24.02599933 -1120.96395231
v -40.84923267 21.6066559 -1121.88729888
v -29.73365784 33.30152454 -1137.14751927
v -33.83970261 38.69499055 -1135.08911063
v -57.15782046 10.87510255 -1125.98303999
v -59.98440981 17.41933152 -1123.48536938
v -58.91891718 21.93282091 -1123.48537075
v -50.0836432 7.9919292 -1127.08338834
v -54.22887802 25.93344321 -1120.23601341
v -49.70023036 26.8467234 -1119.88744579
v -49.46527779 44.9832623 -1132.68919155
v -59.56103206 42.94727505 -1133.46624462
v -59.98440981 17.41933152 -1123.48536938
v -56.95705414 24.1527039 -1120.91560107
v -49.70023334 26.84673235 -1119.88744579
v -58.91891718 21.93282091 -1123.48537075
v -57.15782046 10.87510255 -1125.98303999
v -50.0836432 7.9919292 -1127.08338834
v -50.32001734 2.95006648 -1148.73121772
v -66.090554 9.37755977 -1146.27817903
v -58.90027285 21.67081135 -1121.86278948
v -56.9218874 24.18474735 -1120.90339405
v -56.95705414 24.1527039 -1120.91560107
v -45.41539252 8.96852144 -1126.71069278
v -50.0836432 7.99193814 -1127.08338834
v -50.32001734 2.95008734 -1148.73121772
v -39.91304636 5.12719454 -1147.90037746
v -57.18963742 10.90608653 -1125.97121444
v -58.96747112 13.29448324 -1125.05969341
v -57.15782046 10.87510255 -1125.98303999
v -54.63830233 9.09803339 -1126.6612925
v -42.75798202 10.74961242 -1126.03091439
v -39.79946077 17.41933152 -1123.48536938
v -27.39338875 23.9666778 -1140.71006158
v -33.98885131 9.09779942 -1146.38489508
v -45.41539252 8.96852144 -1126.71069278
v -42.75798202 10.74961242 -1126.03091439
v -40.84923267 13.23200714 -1125.08353525
v -42.72429347 10.78121779 -1126.01880274
v -54.63830233 9.09803339 -1126.6612925
v -60.4737699 5.41591644 -1147.79022819
v -39.79946077 17.41933152 -1123.48536938
v -42.75798202 10.74961242 -1126.03091439
v -65.64298868 38.97745695 -1134.98125017
v -49.70023334 26.84673235 -1119.88744579
v -42.69107878 24.02599933 -1120.96395231
v -58.96747112 13.29448324 -1125.05969341
v -59.98440981 17.41933152 -1123.48536938
v -72.3919034 23.9666778 -1140.71006158
v -70.12482882 14.77110625 -1144.21977039
v -33.83970261 38.69499055 -1135.08911063
v -23.43884408 62.97958276 -1170.15218773
v -12.81563044 38.7080365 -1179.41531272
v -66.090554 9.37755977 -1146.27817903
v -76.5866816 14.66587423 -1188.59127196
v -67.33049154 8.13727807 -1191.08302979
v -27.39338875 23.9666778 -1140.71006158
v -12.81563044 38.7080365 -1179.41531272
v -16.67228043 54.09141022 -1173.54440397
v -33.83970261 38.69499055 -1135.08911063
v -49.46528673 44.98328018 -1132.68919155
v -49.18905199 73.34238007 -1166.19730419
v -23.43884408 62.97958276 -1170.15218773
v -66.090554 9.37755977 -1146.27817903
v -83.23497176 23.55417939 -1185.19905572
v -76.5866816 14.66587423 -1188.59127196
v -59.56103206 42.94727505 -1133.46624462
v -49.46527779 44.9832623 -1132.68919155
v -49.18903708 73.34235027 -1166.19730419
v -65.82634449 69.98714543 -1167.47780144
v -23.43884408 62.97958276 -1170.15218773
v -29.73365784 14.63183106 -1144.27288999
v -16.67228043 23.32465682 -1185.28660294
v -39.60880041 42.66279402 -1133.57467729
v -57.15782046 10.87510255 -1125.98303999
v -39.79946077 17.41933152 -1123.48536938
v -49.46528673 44.98328018 -1132.68919155
v -33.83970261 38.69499055 -1135.08911063
v -40.84923267 13.23200714 -1125.08353525
v -57.15782046 10.87510255 -1125.98303999
v -42.69107878 24.02599933 -1120.96395231
v -59.98440981 17.41933152 -1123.48536938
v -57.15782046 10.87510255 -1125.98303999
v -66.090554 9.37755977 -1146.27817903
v -72.3919034 23.9666778 -1140.71006158
v -56.95705414 24.1527039 -1120.91560107
v -65.64298868 38.97745695 -1134.98125017
v -33.83970261 38.69499055 -1135.08911063
v -42.75798202 10.74961242 -1126.03091439
v -33.98885131 9.09779942 -1146.38489508
v -58.90027285 21.67081135 -1121.86278948
v -56.95705414 24.1527039 -1120.91560107
v -65.64298868 38.97745695 -1134.98125017
v -69.97502446 33.44454588 -1137.09287378
v -42.75798202 10.74961242 -1126.03091439
v -33.98885131 9.09779942 -1146.38489508
v -56.95705414 24.1527039 -1120.91560107
v -65.64298868 38.97745695 -1134.98125017
v -42.75798202 10.74961242 -1126.03091439
v -33.98885131 9.09779942 -1146.38489508
v -75.84911585 63.44507116 -1169.97442301
v -83.88459086 81.50225707 -1197.00441479
v -52.61232853 93.11180467 -1192.57383896
v -86.97099686 38.7080365 -1179.41531272
v -76.5866816 14.66587423 -1188.59127196
v -84.74975228 24.28423805 -1218.84200952
v -96.93056345 52.48570455 -1208.07847018
v -22.40731716 80.95623684 -1197.21288779
v -9.94628668 52.48570455 -1208.07847018
v -84.74975228 24.28423805 -1218.84200952
v -73.89224172 16.62619503 -1221.76482772
v -9.94628668 52.48570455 -1208.07847018
v -14.47013617 70.53040761 -1201.19199464
v -22.40731716 80.95623684 -1197.21288779
v -92.54820347 34.71022672 -1214.86290267
v -84.74975228 24.28423805 -1218.84200952
v -52.61231065 93.1117689 -1192.57383896
v -72.12787271 89.17611618 -1194.07577918
v -65.64298868 38.97745695 -1134.98125017
v -39.60880041 42.66279402 -1133.57467729
v -33.83970261 38.69499055 -1135.08911063
v -23.43884408 62.97958276 -1170.15218773
v -32.94603825 69.51833108 -1167.65651984
v -23.68463278 14.20484277 -1188.76712934
v -75.84911585 63.44507116 -1169.97442301
v -82.98810124 54.32709889 -1173.45428184
v -86.97099686 38.7080365 -1179.41531272
v -23.68463278 14.20484277 -1188.76712934
v -50.59760213 4.07367504 -1192.63370272
v -75.84911585 63.44507116 -1169.97442301
v -50.59760213 4.0737108 -1192.63370272
v -33.4474206 7.66147806 -1191.26451384
v -23.68463278 14.20484277 -1188.76712934
v -65.64298868 38.97745695 -1134.98125017
v -75.84911585 63.44507116 -1169.97442301
v -23.68463278 14.20484277 -1188.76712934
v -76.5866816 14.66587423 -1188.59127196
v -22.69563079 23.74344812 -1219.04828907
v -9.94628668 52.48570455 -1208.07847018
v -14.47013617 34.44099256 -1214.96561329
v -83.88459086 81.50225707 -1197.00441479
v -72.12787271 89.17611618 -1194.07577918
v -52.61231065 93.1117689 -1192.57383896
v -52.61232853 93.11180467 -1192.57383896
v -96.93056345 52.48570455 -1208.07847018
v -92.25862622 70.80687182 -1201.08613689
v -83.88459086 81.50225707 -1197.00441479
v -73.89224172 16.62619503 -1221.76482772
v -84.74975228 24.28423805 -1218.84200952
v -54.2645514 11.85958284 -1223.58376897
v -54.2645514 11.85962456 -1223.58376897
v -92.54820347 34.71022672 -1214.86290267
v -84.74975228 24.28423805 -1218.84200952
v -22.69563079 23.74344812 -1219.04828907
v -34.14738774 16.06808102 -1221.97759225
v -22.40731716 80.95623684 -1197.21288779
v -14.47013617 70.53040761 -1201.19199464
v -33.55926275 88.62619184 -1194.28539659
v -22.40731716 80.95623684 -1197.21288779
v -22.40731716 80.95623684 -1197.21288779
v -33.55926275 88.62619184 -1194.28539659
v -22.69563079 23.74344812 -1219.04828907
v -14.47013617 34.44099256 -1214.96561329
v -83.88459086 81.50225707 -1197.00441479
v -92.25862622 70.80687182 -1201.08613689
v -96.93056345 52.48570455 -1208.07847018
v -22.69563079 23.74344812 -1219.04828907
v -54.2645514 11.85958284 -1223.58376897
v -83.88459086 81.50225707 -1197.00441479
v -54.2645514 11.85962456 -1223.58376897
v -34.14738774 16.06808102 -1221.97759225
v -22.69563079 23.74344812 -1219.04828907
v -83.88459086 81.50225707 -1197.00441479
v -22.69563079 23.74344812 -1219.04828907
v -84.74975228 24.28423805 -1218.84200952
v -22.40731716 80.95623684 -1197.21288779
v -21.38121724 62.31230441 -1106.1842081
v -7.81193525 96.92800821 -1097.63452987
v 0 96.48958032 -1097.77700865
v 0 62.31230441 -1106.1842081
v -7.82321095 110.75449654 -1093.1384373
v 0 110.54814528 -1093.2055759
v 30.20090461 16.54334798 97.8022231
v 32.72941113 63.19130147 0.76328581
v 24.06295985 -63.12733406 175.38831199
v 9.23980474 -56.96920286 198.16415873
v 2.79574245 -60.94012915 198.16415994
v 25.15842021 -78.04249098 164.75302589
v 89.46304321 45.59181102 -69.22840618
v 93.66948605 58.08426608 -107.69607853
v 23.02812338 114.84843103 -102.39109255
v 26.72957182 107.18316855 -60.57284849
v 193.84526014 -79.73332242 -612.29263283
v 204.83360291 -78.815942 -613.82289864
v 174.70442057 -85.87548364 -530.44383351
v 166.83638096 -85.52717106 -527.21221341
v 92.5293088 -97.83323137 -68.55592709
v 101.48317814 -94.45831889 -98.88879198
v 103.24015617 -87.16902414 -100.00471214
v 92.22298265 -73.67910245 -66.4368645
v 93.66948605 58.08426608 -107.69607853
v 89.46304321 45.59181102 -69.22840618
v 5.2632235 -49.77663716 198.16415655
v 11.45433858 -29.29838949 177.68420073
v 65.21828771 -69.92230817 102.84666101
v 84.71726179 -72.04706119 -4.72744075
v 82.6446414 25.34225815 -6.87450964
v 60.62776446 -22.43914819 97.69080405
v 60.33627391 -95.57115561 96.81037635
v 83.49882364 -98.4733774 -3.67124757
v 32.72941113 63.19130147 0.76328581
v 30.20090461 16.54334798 97.8022231
v 32.72941113 63.19130147 0.76328581
v 29.72949147 87.81450056 -18.20014219
v 88.4701252 -72.25179525 -37.82354112
v 86.05384231 35.46703458 -38.05146015
v 87.73797154 -98.87192956 -42.39981593
v 26.72957182 107.18316855 -60.57284849
v 29.72949147 87.81450056 -18.20014219
v 29.72949147 87.81450056 -18.20014219
v 8.97179842 -53.48262384 198.11808329
v 5.2632235 -49.77663716 198.16415655
v 23.80999923 -46.29828403 176.93946981
v 8.97179842 -53.48262384 198.11808329
v 9.23980474 -56.96920286 198.16415873
v 24.06295985 -63.12733406 175.38831199
v 11.45433858 -29.29838949 177.68420073
v 5.2632235 -49.77663716 198.16415655
v 16.41625166 -15.28987962 155.66288294
v 32.52209723 -42.04933859 154.95643308
v 32.6700598 -66.5503577 152.32265478
v 16.41625166 -15.28987962 155.66288294
v 40.89234471 -90.07664539 136.38209392
v 25.15842021 -78.04249098 164.75302589
v 101.27024651 -70.44682912 -1058.56140037
v 101.27024651 -68.9773751 -1068.02041783
v 99.79415536 -30.86918772 -1066.94544788
v 99.79415536 -32.33864472 -1057.48643042
v 101.27024651 -80.37726766 -948.80914345
v 100.68076849 -83.90554832 -759.40383036
v 96.11565471 105.94671322 -942.36589126
v 127.53914595 143.69080071 -938.06931457
v 127.46658325 141.79329221 -921.48577891
v 96.11565471 104.13633478 -925.77205595
v 99.87635612 -28.47566681 -1140.83364186
v 96.18402719 62.31230441 -1106.1842081
v 96.11565471 119.81782939 -1069.50792059
v 101.27024651 -68.9773751 -1068.02041783
v 101.27024651 -70.44682912 -1058.56140037
v 96.11565471 118.34837658 -1056.03898945
v 1.5265502 493.00513501 -1275.01708729
v 2.59916857 457.53527919 -1263.03110915
v 100.69316626 -20.21262765 -1245.57453138
v 101.35798454 -59.95049071 -1143.49667201
v 101.35798454 -59.95049071 -1143.49667201
v 100.69316626 -20.21262765 -1245.57453138
v 100.54117441 -16.98400547 -1245.30140008
v 2.65798252 455.59043275 -1167.53475724
v 1.6316019 489.53125802 -1195.34304731
v 1.66680589 488.36711608 -1168.64341336
v 2.67769173 454.93865385 -1135.53298131
v 10.4276441 198.65943227 -1101.36199609
v 14.50208426 188.38057576 -1067.29932741
v 9.56728533 227.11027234 -948.95715146
v 2.86757182 448.65961215 -1146.91183784
v 2.89572775 447.72854569 -1128.39148565
v 9.78885517 219.78330329 -902.61516611
v 8.90610218 237.30311853 -1103.84709188
v 8.90610144 248.97459306 -1087.24563126
v 8.90610144 248.97459306 -1087.24563126
v 9.26669762 237.05020439 -1103.03551511
v 9.71110836 222.35422718 -951.17415631
v 9.86003503 217.42944547 -900.28381358
v 2.59916857 457.53527919 -1263.03110915
v 2.78355256 451.43798198 -1202.17801837
v 95.18024325 84.77335642 -596.87553874
v 95.41273713 88.88068299 -672.15795716
v 16.95206165 152.10465065 -662.00740249
v 17.76242703 147.13578062 -587.37128878
v 10.28272882 203.45162174 -941.57570641
v 9.87418666 216.96145781 -965.47802708
v 10.02163067 212.08572473 -894.99082509
v 10.23416594 205.05752985 -888.0295739
v 9.43420157 231.51107601 -1175.81782615
v 100.36818981 -85.77645336 -677.45599328
v 100.0698328 -87.56231563 -599.23301671
v 98.66963029 -58.16685354 -598.21326185
v 98.94913435 -55.98502576 -676.42245795
v 95.41273713 88.88068299 -672.15795716
v 95.18024325 84.77335642 -596.87553874
v 9.70596224 222.52440541 -967.41093553
v 9.91679206 215.55261531 -898.424816
v 9.07683 243.3288399 -1173.2717105
v 9.43420157 231.51107601 -1175.81782615
v 194.07191277 -65.20510437 -613.08876441
v 205.2508831 -66.02982442 -614.83184208
v 323.77364635 -60.54478879 -743.92360797
v 300.19249916 -60.06653099 -736.84362663
v 9.07683 243.3288399 -1173.2717105
v 204.83360291 -78.815942 -613.82289864
v 324.28176403 -75.43060524 -744.41169389
v 323.77364635 -60.54478879 -743.92360797
v 205.2508831 -66.02982442 -614.83184208
v 8.90610144 248.97459306 -1087.24563126
v 1.09228734 272.53506017 -1182.39132373
v 2.07928587 457.07937553 -1262.18024094
v 2.78355256 451.43798198 -1202.17801837
v 400.12340546 -64.32149231 -858.43765112
v 435.21122932 -62.02668761 -870.04214956
v 324.28176403 -75.43060524 -744.41169389
v 300.796175 -76.51574719 -737.38893252
v 1.09228734 244.279128 -1174.93529996
v 8.90610218 237.30311853 -1103.84709188
v 1.09228734 244.279128 -1174.93529996
v 99.20277596 -65.97563306 -323.59306174
v 94.34813261 70.07325443 -327.44010525
v 98.31374288 -53.66339524 -498.63089502
v 94.88421082 79.5435795 -501.01993679
v 100.53546429 -93.95390555 -324.56363129
v 101.48317814 -94.45831889 -98.88879198
v 169.23271418 -85.53089681 -528.71401177
v 176.59547329 -85.8460036 -531.79290097
v 147.62620926 -92.91723688 -340.82773354
v 143.11784506 -93.01648409 -339.27064589
v 99.68993664 -82.55466768 -499.63315011
v 94.34813261 70.07325443 -327.44010525
v 20.66272348 129.35221099 -320.24872874
v 118.92145872 -93.73165147 -185.78675781
v 117.25195646 -93.80121948 -177.46734562
v 94.88421082 79.5435795 -501.01993679
v 18.79425049 140.80901592 -492.33851655
v 120.1610446 -85.82566704 -179.43471819
v 121.9525218 -85.68344101 -187.84427646
v 148.46884012 -83.03843056 -341.396627
v 143.75221729 -81.4048816 -339.69214953
v 118.92145872 -93.73165147 -185.78675781
v 147.62620926 -92.91723688 -340.82773354
v 148.46884012 -83.03843056 -341.396627
v 121.9525218 -85.68344101 -187.84427646
v 2.78355256 451.43798198 -1202.17801837
v 2.07928587 457.07937553 -1262.18024094
v 117.25195646 -93.80121948 -177.46734562
v 120.1610446 -85.82566704 -179.43471819
v 9.91679206 215.55261531 -898.424816
v 9.86003503 217.42944547 -900.28381358
v 176.03009939 -71.13602682 -531.41138808
v 168.58971119 -69.46323969 -528.27303771
v 10.02163067 212.08572473 -894.99082509
v 168.58971119 -69.46323969 -528.27303771
v 176.03009939 -71.13602682 -531.41138808
v 176.59547329 -85.8460036 -531.79290097
v 169.23271418 -85.53089681 -528.71401177
v 10.23416594 205.05752985 -888.0295739
v 176.59547329 -85.8460036 -531.79290097
v 176.03009939 -71.13602682 -531.41138808
v 2.89572775 447.72854569 -1128.39148565
v 2.67769173 454.93865385 -1135.53298131
v 9.78885517 219.78330329 -902.61516611
v 95.65631151 93.18358916 -751.02518907
v 16.10310823 157.31012616 -740.1976214
v 99.24194813 -53.69929035 -758.35599005
v 95.65631151 93.18358916 -751.02518907
v 99.87635612 -28.47566681 -1140.83364186
v 100.54117441 -16.98400547 -1245.30140008
v 100.69316626 -20.21262765 -1245.57453138
v 100.54117441 -16.98400547 -1245.30140008
v 420.64490318 -60.62423472 -956.75134772
v 458.06832314 -58.30963209 -957.68203902
v 434.62915421 -44.97489239 -869.48301557
v 399.45144653 -45.889969 -857.82720988
v 435.21122932 -62.02668761 -870.04214956
v 434.62915421 -44.97489239 -869.48301557
v 14.50208426 188.38057576 -1067.29932741
v 14.263767 191.91493824 -1072.51964539
v 40.89234471 -90.07664539 136.38209392
v 25.15842021 -78.04249098 164.75302589
v 60.33627391 -95.57115561 96.81037635
v 2.79574245 -60.94012915 198.16415994
v 167.12355614 -69.27533605 -528.15034759
v 175.18650293 -71.10469868 -531.60937085
v 92.5293088 -97.83323137 -68.55592709
v 87.73797154 -98.87192956 -42.39981593
v 174.70442057 -85.87548364 -530.44383351
v 175.18650293 -71.10469868 -531.60937085
v 99.0893364 -72.94765799 -1029.76368291
v 306.19368553 -62.52388789 -1034.91390792
v 308.37459564 -67.56805454 -953.95936919
v 457.69071579 -47.24653505 -957.31926472
v 420.15209198 -47.47122037 -956.31390137
v 83.49882364 -98.4733774 -3.67124757
v 166.83638096 -85.52717106 -527.21221341
v 174.70442057 -85.87548364 -530.44383351
v 175.18650293 -71.10469868 -531.60937085
v 167.12355614 -69.27533605 -528.15034759
v 458.06832314 -58.30963209 -957.68203902
v 457.69071579 -47.24653505 -957.31926472
v 99.68993664 -82.55466768 -499.63315011
v 143.23228598 -84.48224525 -517.51725773
v 142.93472767 -63.78724218 -517.77332551
v 98.31374288 -53.66339524 -498.63089502
v 99.24194813 -53.69929035 -758.35599005
v 293.91827583 -48.63519288 -822.85988819
v 307.53610134 -48.14527039 -953.29781131
v 99.79415536 -49.38868991 -947.73417134
v 455.88741302 -55.73306153 -1038.63657701
v 455.50980568 -49.41779248 -1038.27380127
v 98.31374288 -53.66339524 -498.63089502
v 142.93472767 -63.78724218 -517.77332551
v 160.53498983 -62.73093826 -607.8595314
v 98.66963029 -58.16685354 -598.21326185
v 230.33938408 -79.77117903 -716.32060072
v 160.88023186 -82.48546368 -607.70174002
v 98.94913435 -55.98502576 -676.42245795
v 229.44910526 -58.6317516 -715.60368259
v 294.85981464 -71.20590641 -823.62415582
v 143.23228598 -84.48224525 -517.51725773
v 418.46399307 -57.43076812 -1037.70588589
v 417.52667427 -52.66769809 -1083.14626693
v 454.56581116 -51.40040615 -1076.38748327
v 455.88741302 -55.73306153 -1038.63657701
v 306.19368553 -62.52388789 -1034.91390792
v 304.49037552 -54.81921769 -1105.86459641
v 303.45749855 -49.66186104 -1105.50019908
v 305.35519123 -46.71818116 -1034.25234895
v 99.79415536 -49.38868991 -947.73417134
v 97.61325121 -47.73003966 -1028.68870905
v 99.0893364 -72.94765799 -1029.76368291
v 101.27024651 -80.37726766 -948.80914345
v 290.91627598 -48.12156445 -959.2665717
v 226.41577721 -49.16809822 -954.58393596
v 382.61342049 -47.69590272 -955.30853802
v 380.43251038 -48.06798831 -1036.26307511
v 305.35519123 -46.71818116 -1034.25234895
v 416.94879532 -48.94955206 -1083.10239904
v 454.11744118 -48.69465675 -1076.31586317
v 454.56581116 -51.40040615 -1076.38748327
v 417.52667427 -52.66769809 -1083.14626693
v 454.56581116 -51.40040615 -1076.38748327
v 454.11744118 -48.69465675 -1076.31586317
v 379.78012562 -49.20444737 -1089.88893492
v 305.44281006 -49.714238 -1103.46200668
v 305.35519123 -46.71818116 -1034.25234895
v 305.44281006 -49.714238 -1103.46200668
v 306.40931129 -56.46957986 -1103.42252252
v 306.19368553 -62.52388789 -1034.91390792
v 99.08852577 -53.78393219 -1142.97148553
v 303.45749855 -49.66186104 -1105.50019908
v 304.49037552 -54.81921769 -1105.86459641
v 100.87571144 -62.01013481 -1143.54368752
v 303.45749855 -49.66186104 -1105.50019908
v 99.08852577 -53.78393219 -1142.97148553
v 97.61325121 -47.73003966 -1028.68870905
v 100.87571144 -62.01013481 -1143.54368752
v 304.49037552 -54.81921769 -1105.86459641
v 99.08852577 -53.78393219 -1142.97148553
v 100.87571144 -62.01013481 -1143.54368752
v 9.07683 243.3288399 -1173.2717105
v 9.26669762 237.05020439 -1103.03551511
v 9.31377709 235.49336006 -1086.94789011
v 9.14347768 241.12490556 -1151.4635663
v 9.43420157 231.51107601 -1175.81782615
v 9.48081166 229.96975461 -1153.53522927
v 10.4276441 198.65943227 -1101.36199609
v 10.41229218 199.16710199 -1084.43485236
v 2.59916857 457.53527919 -1263.03110915
v 2.60539912 457.32924096 -1252.91453375
v 2.79245321 451.14363223 -1196.32331733
v 8.97614509 246.65836142 -1072.59586053
v 14.50208426 188.38057576 -1067.29932741
v 14.50208426 186.69418616 -1053.04514091
v 1.5265502 493.00513501 -1275.01708729
v 1.53767895 492.63711472 -1266.57668952
v 99.79415536 -44.74032132 -977.65598517
v 101.27024651 -77.54816065 -978.73095673
v 101.27024651 -77.54816065 -978.73095673
v 14.50208426 170.20068439 -913.63476048
v 34.72679853 150.81397416 -890.65445018
v 49.33747053 168.36347447 -888.6566989
v 45.86268663 207.86926472 -909.34695756
v 121.41546011 162.74743367 -917.48922301
v 121.52769566 164.55086207 -934.56828773
v 70.1728344 206.40498763 -928.51456767
v 70.27103305 204.14769426 -909.88301667
v 127.5627017 156.12076435 -1051.73917027
v 14.50208426 186.69418616 -1053.04514091
v 45.963642 224.48399041 -1048.74341439
v 70.051682 220.40131174 -1047.58775082
v 32.00409412 172.0374422 -1053.68714991
v 101.27024651 -80.37726766 -948.80914345
v 99.79415536 -49.38868991 -947.73417134
v 14.50208426 172.46164926 -932.745342
v 45.93889713 210.22173463 -928.44695333
v 45.963642 224.48399041 -1048.74341439
v 14.50208426 186.69418616 -1053.04514091
v 75.89093447 117.61140162 -896.75967127
v 96.11565471 104.13633478 -925.77205595
v 127.46658325 141.79329221 -921.48577891
v 90.49763083 135.15612164 -894.76249219
v 14.50208426 172.46164926 -932.745342
v 75.89093447 117.61140162 -896.75967127
v 96.0349977 99.87343906 -873.6423185
v 96.72390819 76.38181193 -907.69200698
v 70.27103305 204.14769426 -909.88301667
v 73.91596437 164.70531142 -889.1896109
v 84.38204527 156.26348278 -890.74190375
v 121.41546011 162.74743367 -917.48922301
v 121.65921926 177.18352877 -1049.48087628
v 121.52769566 164.55086207 -934.56828773
v 121.41546011 162.74743367 -917.48922301
v 14.50208426 170.20068439 -913.63476048
v 45.86268663 207.86926472 -909.34695756
v 45.93889713 210.22173463 -928.44695333
v 70.051682 220.40131174 -1047.58775082
v 45.963642 224.48399041 -1048.74341439
v 45.86268663 207.86926472 -909.34695756
v 121.65921926 177.18352877 -1049.48087628
v 78.58751416 160.50602001 -1052.82864895
v 82.82387257 161.74963502 -1052.53644357
v 78.55839133 160.50219339 -1052.83027019
v 73.94440174 160.63849721 -1053.00927487
v 121.65921926 177.18352877 -1049.48087628
v 127.5627017 156.12076435 -1051.73917027
v 96.11565471 118.34837658 -1056.03898945
v 82.76219368 129.53099287 -1055.54909043
v 67.61348248 163.55029088 -1053.00031122
v 63.15181255 167.75716818 -1111.65565935
v 75.51137209 162.0726027 -1111.67310987
v 73.94440174 160.63849721 -1053.00927487
v 74.59326982 189.06269633 -1050.32678884
v 85.62503457 186.02628135 -1050.15188409
v 76.61929727 177.45522229 -1037.35262078
v 65.52878618 184.07591013 -1051.16926307
v 91.05305672 175.58629104 -1050.9017549
v 108.91180038 191.25448444 -1107.55868234
v 102.38509178 171.56490355 -1109.66925263
v 87.70988584 165.50072171 -1051.98283686
v 65.52878618 184.07591013 -1051.16926307
v 76.61929727 177.45522229 -1037.35262078
v 67.61345863 163.55029088 -1053.00021585
v 62.18927503 173.92941293 -1052.25597169
v 63.30894232 169.21100269 -1052.65031452
v 54.74825501 178.80832055 -1110.97235518
v 63.15181255 167.75716818 -1111.65565935
v 67.61348248 163.55029088 -1053.00031122
v 62.63616681 178.50886095 -1051.80965358
v 62.18927503 173.92941293 -1052.25597169
v 63.30894232 169.21100269 -1052.65031452
v 62.19127178 173.89870463 -1052.2588327
v 62.18927503 173.92941293 -1052.25597169
v 52.56237984 188.01983551 -1110.20245683
v 74.56455827 189.05873858 -1050.32841009
v 79.19749618 188.95621867 -1050.14549536
v 74.59326982 189.06269633 -1050.32678884
v 70.37422657 187.80782796 -1050.61937569
v 89.96927738 180.27138229 -1050.50912868
v 106.79599047 200.40098267 -1106.7922172
v 98.31500053 211.63600341 -1106.09518017
v 85.62507033 186.02628135 -1050.15207482
v 89.96927738 180.27138229 -1050.50912868
v 91.05483294 175.55597612 -1050.90461592
v 90.59051275 171.02293628 -1051.34740545
v 91.05305672 175.58629104 -1050.9017549
v 91.05305672 175.58629104 -1050.9017549
v 108.91180038 191.25448444 -1107.55868234
v 85.62503457 186.02628135 -1050.15188409
v 91.05305672 175.58629104 -1050.9017549
v 87.70988584 165.50072171 -1051.98283686
v 85.62507033 186.02628135 -1050.15207482
v 98.31500053 211.63600341 -1106.09518017
v 85.76674461 217.35597405 -1106.0823073
v 79.19749618 188.95621867 -1050.14549536
v 78.58751416 160.50602001 -1052.82864895
v 62.18927503 173.92941293 -1052.25597169
v 52.56237984 188.01983551 -1110.20245683
v 59.08195376 207.82836342 -1108.08091932
v 65.52878618 184.07591013 -1051.16926307
v 108.91180038 191.25448444 -1107.55868234
v 108.00880194 182.34566562 -1108.42871657
v 102.38506794 171.56487971 -1109.66944336
v 102.38509178 171.56490355 -1109.66925263
v 52.56237984 188.01983551 -1110.20245683
v 63.15176487 167.75716818 -1111.65546862
v 63.15181255 167.75716818 -1111.65565935
v 54.74825501 178.80832055 -1110.97235518
v 59.08190608 207.82831574 -1108.08111006
v 59.08195376 207.82836342 -1108.08091932
v 52.56237984 188.01983551 -1110.20245683
v 53.43482494 196.9600779 -1109.33118284
v 85.76674461 217.35597405 -1106.0823073
v 98.31500053 211.63600341 -1106.09518017
v 98.31492901 211.63600342 -1106.0947987
v 76.77812576 217.56385107 -1106.43621584
v 68.54148507 215.11402891 -1107.00746591
v 76.77812576 217.56385107 -1106.43621584
v 106.79599047 200.40098267 -1106.7922172
v 108.91180038 191.25448444 -1107.55868234
v 92.84635186 164.24183019 -1110.75004932
v 84.57590342 161.81396638 -1111.32053646
v 84.57590342 161.81396638 -1111.32053646
v 75.51137209 162.0726027 -1111.67310987
v 76.77812576 217.56385107 -1106.43621584
v 98.31492901 211.63600342 -1106.0947987
v 70.37422657 187.80782796 -1050.61937569
v 68.54148507 215.11402891 -1107.00746591
v 59.08190608 207.82831574 -1108.08111006
v 65.52876234 184.07587436 -1051.16935844
v 78.58751416 160.50602001 -1052.82864895
v 84.57590342 161.81396638 -1111.32053646
v 92.84635186 164.24183019 -1110.75004932
v 82.82387257 161.74963502 -1052.53644357
v 65.52876234 184.07587436 -1051.16935844
v 59.08190608 207.82831574 -1108.08111006
v 53.43482494 196.9600779 -1109.33118284
v 62.63616681 178.50886095 -1051.80965358
v 74.59326982 189.06269633 -1050.32678884
v 76.77812576 217.56385107 -1106.43621584
v 102.38506794 171.56487971 -1109.66944336
v 87.70987391 165.50070979 -1051.98293223
v 78.58751416 160.50602001 -1052.82864895
v 84.57590342 161.81396638 -1111.32053646
v 63.15176487 167.75716818 -1111.65546862
v 67.61345863 163.55029088 -1053.00021585
v 87.70987391 165.50070979 -1051.98293223
v 102.38506794 171.56487971 -1109.66944336
v 108.00880194 182.34566562 -1108.42871657
v 90.59051275 171.02293628 -1051.34740545
v 87.70988584 165.50072171 -1051.98283686
v 102.38509178 171.56490355 -1109.66925263
v 59.08195376 207.82836342 -1108.08091932
v 67.61345863 163.55029088 -1053.00021585
v 63.15176487 167.75716818 -1111.65546862
v 85.62503457 186.02628135 -1050.15188409
v 98.31492901 211.63600342 -1106.0947987
v 42.69107878 24.02599933 -1120.96395231
v 40.84923267 21.6066559 -1121.88729888
v 42.72429347 24.05744674 -1120.95193602
v 45.27891874 25.80583266 -1120.28465075
v 42.69107878 24.02599933 -1120.96395231
v 33.83970261 38.69499055 -1135.08911063
v 29.73365784 33.30152454 -1137.14751927
v 40.84923267 21.6066559 -1121.88729888
v 57.15782046 10.87510255 -1125.98303999
v 50.0836432 7.9919292 -1127.08338834
v 58.91891718 21.93282091 -1123.48537075
v 59.98440981 17.41933152 -1123.48536938
v 54.22887802 25.93344321 -1120.23601341
v 59.56103206 42.94727505 -1133.46624462
v 49.46527779 44.9832623 -1132.68919155
v 49.70023036 26.8467234 -1119.88744579
v 59.98440981 17.41933152 -1123.48536938
v 58.91891718 21.93282091 -1123.48537075
v 49.70023334 26.84673235 -1119.88744579
v 56.95705414 24.1527039 -1120.91560107
v 57.15782046 10.87510255 -1125.98303999
v 66.090554 9.37755977 -1146.27817903
v 50.32001734 2.95006648 -1148.73121772
v 50.0836432 7.9919292 -1127.08338834
v 58.90027285 21.67081135 -1121.86278948
v 56.95705414 24.1527039 -1120.91560107
v 56.9218874 24.18474735 -1120.90339405
v 45.41539252 8.96852144 -1126.71069278
v 39.91304636 5.12719454 -1147.90037746
v 50.32001734 2.95008734 -1148.73121772
v 50.0836432 7.99193814 -1127.08338834
v 57.18963742 10.90608653 -1125.97121444
v 54.63830233 9.09803339 -1126.6612925
v 57.15782046 10.87510255 -1125.98303999
v 58.96747112 13.29448324 -1125.05969341
v 42.75798202 10.74961242 -1126.03091439
v 33.98885131 9.09779942 -1146.38489508
v 27.39338875 23.9666778 -1140.71006158
v 39.79946077 17.41933152 -1123.48536938
v 45.41539252 8.96852144 -1126.71069278
v 42.72429347 10.78121779 -1126.01880274
v 40.84923267 13.23200714 -1125.08353525
v 42.75798202 10.74961242 -1126.03091439
v 60.4737699 5.41591644 -1147.79022819
v 54.63830233 9.09803339 -1126.6612925
v 42.75798202 10.74961242 -1126.03091439
v 39.79946077 17.41933152 -1123.48536938
v 65.64298868 38.97745695 -1134.98125017
v 42.69107878 24.02599933 -1120.96395231
v 49.70023334 26.84673235 -1119.88744579
v 58.96747112 13.29448324 -1125.05969341
v 70.12482882 14.77110625 -1144.21977039
v 72.3919034 23.9666778 -1140.71006158
v 59.98440981 17.41933152 -1123.48536938
v 12.81563044 38.7080365 -1179.41531272
v 23.43884408 62.97958276 -1170.15218773
v 33.83970261 38.69499055 -1135.08911063
v 67.33049154 8.13727807 -1191.08302979
v 76.5866816 14.66587423 -1188.59127196
v 66.090554 9.37755977 -1146.27817903
v 16.67228043 54.09141022 -1173.54440397
v 12.81563044 38.7080365 -1179.41531272
v 27.39338875 23.9666778 -1140.71006158
v 33.83970261 38.69499055 -1135.08911063
v 23.43884408 62.97958276 -1170.15218773
v 49.18905199 73.34238007 -1166.19730419
v 49.46528673 44.98328018 -1132.68919155
v 66.090554 9.37755977 -1146.27817903
v 76.5866816 14.66587423 -1188.59127196
v 83.23497176 23.55417939 -1185.19905572
v 59.56103206 42.94727505 -1133.46624462
v 65.82634449 69.98714543 -1167.47780144
v 49.18903708 73.34235027 -1166.19730419
v 49.46527779 44.9832623 -1132.68919155
v 23.43884408 62.97958276 -1170.15218773
v 16.67228043 23.32465682 -1185.28660294
v 29.73365784 14.63183106 -1144.27288999
v 39.60880041 42.66279402 -1133.57467729
v 57.15782046 10.87510255 -1125.98303999
v 39.79946077 17.41933152 -1123.48536938
v 33.83970261 38.69499055 -1135.08911063
v 49.46528673 44.98328018 -1132.68919155
v 40.84923267 13.23200714 -1125.08353525
v 57.15782046 10.87510255 -1125.98303999
v 42.69107878 24.02599933 -1120.96395231
v 59.98440981 17.41933152 -1123.48536938
v 72.3919034 23.9666778 -1140.71006158
v 66.090554 9.37755977 -1146.27817903
v 57.15782046 10.87510255 -1125.98303999
v 65.64298868 38.97745695 -1134.98125017
v 56.95705414 24.1527039 -1120.91560107
v 33.83970261 38.69499055 -1135.08911063
v 33.98885131 9.09779942 -1146.38489508
v 42.75798202 10.74961242 -1126.03091439
v 58.90027285 21.67081135 -1121.86278948
v 69.97502446 33.44454588 -1137.09287378
v 65.64298868 38.97745695 -1134.98125017
v 56.95705414 24.1527039 -1120.91560107
v 33.98885131 9.09779942 -1146.38489508
v 42.75798202 10.74961242 -1126.03091439
v 56.95705414 24.1527039 -1120.91560107
v 65.64298868 38.97745695 -1134.98125017
v 42.75798202 10.74961242 -1126.03091439
v 33.98885131 9.09779942 -1146.38489508
v 52.61232853 93.11180467 -1192.57383896
v 83.88459086 81.50225707 -1197.00441479
v 75.84911585 63.44507116 -1169.97442301
v 86.97099686 38.7080365 -1179.41531272
v 96.93056345 52.48570455 -1208.07847018
v 84.74975228 24.28423805 -1218.84200952
v 76.5866816 14.66587423 -1188.59127196
v 9.94628668 52.48570455 -1208.07847018
v 22.40731716 80.95623684 -1197.21288779
v 73.89224172 16.62619503 -1221.76482772
v 84.74975228 24.28423805 -1218.84200952
v 14.47013617 70.53040761 -1201.19199464
v 9.94628668 52.48570455 -1208.07847018
v 22.40731716 80.95623684 -1197.21288779
v 84.74975228 24.28423805 -1218.84200952
v 92.54820347 34.71022672 -1214.86290267
v 72.12787271 89.17611618 -1194.07577918
v 52.61231065 93.1117689 -1192.57383896
v 65.64298868 38.97745695 -1134.98125017
v 39.60880041 42.66279402 -1133.57467729
v 32.94603825 69.51833108 -1167.65651984
v 23.43884408 62.97958276 -1170.15218773
v 33.83970261 38.69499055 -1135.08911063
v 23.68463278 14.20484277 -1188.76712934
v 82.98810124 54.32709889 -1173.45428184
v 75.84911585 63.44507116 -1169.97442301
v 86.97099686 38.7080365 -1179.41531272
v 50.59760213 4.07367504 -1192.63370272
v 23.68463278 14.20484277 -1188.76712934
v 75.84911585 63.44507116 -1169.97442301
v 33.4474206 7.66147806 -1191.26451384
v 50.59760213 4.0737108 -1192.63370272
v 23.68463278 14.20484277 -1188.76712934
v 65.64298868 38.97745695 -1134.98125017
v 75.84911585 63.44507116 -1169.97442301
v 23.68463278 14.20484277 -1188.76712934
v 76.5866816 14.66587423 -1188.59127196
v 22.69563079 23.74344812 -1219.04828907
v 14.47013617 34.44099256 -1214.96561329
v 9.94628668 52.48570455 -1208.07847018
v 83.88459086 81.50225707 -1197.00441479
v 52.61232853 93.11180467 -1192.57383896
v 52.61231065 93.1117689 -1192.57383896
v 72.12787271 89.17611618 -1194.07577918
v 96.93056345 52.48570455 -1208.07847018
v 83.88459086 81.50225707 -1197.00441479
v 92.25862622 70.80687182 -1201.08613689
v 73.89224172 16.62619503 -1221.76482772
v 54.2645514 11.85962456 -1223.58376897
v 54.2645514 11.85958284 -1223.58376897
v 84.74975228 24.28423805 -1218.84200952
v 92.54820347 34.71022672 -1214.86290267
v 84.74975228 24.28423805 -1218.84200952
v 34.14738774 16.06808102 -1221.97759225
v 22.69563079 23.74344812 -1219.04828907
v 14.47013617 70.53040761 -1201.19199464
v 22.40731716 80.95623684 -1197.21288779
v 22.40731716 80.95623684 -1197.21288779
v 33.55926275 88.62619184 -1194.28539659
v 33.55926275 88.62619184 -1194.28539659
v 22.40731716 80.95623684 -1197.21288779
v 14.47013617 34.44099256 -1214.96561329
v 22.69563079 23.74344812 -1219.04828907
v 92.25862622 70.80687182 -1201.08613689
v 83.88459086 81.50225707 -1197.00441479
v 96.93056345 52.48570455 -1208.07847018
v 54.2645514 11.85958284 -1223.58376897
v 22.69563079 23.74344812 -1219.04828907
v 83.88459086 81.50225707 -1197.00441479
v 34.14738774 16.06808102 -1221.97759225
v 54.2645514 11.85962456 -1223.58376897
v 22.69563079 23.74344812 -1219.04828907
v 83.88459086 81.50225707 -1197.00441479
v 22.69563079 23.74344812 -1219.04828907
v 84.74975228 24.28423805 -1218.84200952
v 22.40731716 80.95623684 -1197.21288779
v 21.38121724 62.31230441 -1106.1842081
v 7.81193525 96.92800821 -1097.63452987
v 7.82321095 110.75449654 -1093.1384373
v 6.50817752 111.03875067 -1094.35065259
v 3.90170179 112.81858099 -1093.74678666
v 6.4746283 111.07019808 -1094.33968535
v 8.37606117 108.61941023 -1095.22011658
v 6.50817752 111.03875067 -1094.35065259
v 8.37606117 108.61941023 -1095.22011658
v 19.93011236 120.314276 -1110.15112865
v 15.7660231 125.70774495 -1108.21288295
v -7.80670568 97.88785078 -1099.78773565
v -10.70463657 104.43207675 -1097.37322543
v -9.63959321 108.94556615 -1097.34232775
v -0.70355721 95.00466707 -1100.68218576
v -5.04589528 112.94619445 -1093.95812089
v -0.52928012 113.85946872 -1093.47813697
v 0.07734252 131.9960106 -1106.2676757
v -9.9915877 129.96002326 -1107.33760211
v -10.70463657 104.43207675 -1097.37322543
v -7.75318444 111.16545809 -1094.71667277
v -0.5292831 113.85948064 -1093.47813697
v -9.63959321 108.94556615 -1097.34232775
v -7.80670568 97.88785078 -1099.78773565
v -0.70355721 95.00466707 -1100.68218576
v -0.31116749 89.9628118 -1122.32782168
v -16.14628881 96.39030196 -1120.33378636
v -9.66807678 108.68355659 -1095.71984185
v -7.71838725 111.19750155 -1094.70341671
v -7.75318444 111.16545809 -1094.71667277
v 3.9519012 95.98126531 -1100.17416383
v -0.70355721 95.00467899 -1100.68218576
v -0.31116749 89.96283564 -1122.32782168
v 10.0672856 92.13993101 -1121.19504819
v -7.8388527 97.91883327 -1099.77686377
v -9.6424073 100.30723294 -1098.91741335
v -7.80670568 97.88785078 -1099.78773565
v -5.26855327 96.11077419 -1100.39255525
v 22.37285376 110.9794263 -1113.64424348
v 15.94497263 96.1105419 -1119.50819056
v 3.9519012 95.98126531 -1100.17416383
v 6.58845007 97.76235929 -1099.41742394
v 8.46888199 100.24475552 -1098.4150178
v 6.6217728 97.79396168 -1099.40435861
v -5.26855327 96.11077419 -1100.39255525
v -10.48796475 92.42865571 -1121.68208966
v 9.47179943 104.43207692 -1096.7870973
v 6.58845007 97.76235929 -1099.41742394
v -16.02698267 125.99019914 -1109.02856053
v -0.5292831 113.85948064 -1093.47813697
v 6.50817752 111.03875067 -1094.35065259
v -9.6424073 100.30723294 -1098.91741335
v -10.70463657 104.43207675 -1097.37322543
v -22.60668278 110.9794259 -1114.9509678
v -20.23863941 101.78384841 -1118.39334721
v 15.7660231 125.70774495 -1108.21288295
v 27.18074024 149.99233129 -1142.95905413
v 38.06848228 125.72078513 -1151.90975547
v -16.14628881 96.39030196 -1120.33378636
v -25.40919483 101.67862081 -1162.93383984
v -16.08454883 95.15002324 -1165.15570789
v 22.37285376 110.9794263 -1113.64424348
v 38.06848228 125.72078513 -1151.90975547
v 34.04296339 141.10415881 -1146.15338299
v 15.7660231 125.70774495 -1108.21288295
v 0.07733358 131.99603444 -1106.2676757
v 1.32654449 160.35512242 -1139.7536631
v 27.18074024 149.99233129 -1142.95905413
v -16.14628881 96.39030196 -1120.33378636
v -32.15319216 110.56692442 -1159.73607776
v -25.40919483 101.67862081 -1162.93383984
v -9.9915877 129.96002326 -1107.33760211
v 0.07734252 131.9960106 -1106.2676757
v 1.32655939 160.35509858 -1139.7536631
v -15.26654363 156.99989359 -1141.51681484
v 27.18074024 149.99233129 -1142.95905413
v 20.13703734 101.64457656 -1117.27354298
v 34.38396454 110.33741138 -1157.89062285
v 3.90170179 112.81858099 -1093.74678666
v 9.95537788 129.67554241 -1106.86658236
v -7.80670568 97.88785078 -1099.78773565
v 9.47179943 104.43207692 -1096.7870973
v 0.07733358 131.99603444 -1106.2676757
v 15.7660231 125.70774495 -1108.21288295
v 8.46888199 100.24475552 -1098.4150178
v -7.80670568 97.88785078 -1099.78773565
v -16.14628881 96.39030196 -1120.33378636
v -22.60668278 110.9794259 -1114.9509678
v -7.75318444 111.16545809 -1094.71667277
v -16.02698267 125.99019914 -1109.02856053
v 6.50817752 111.03875067 -1094.35065259
v 15.7660231 125.70774495 -1108.21288295
v 6.58845007 97.76235929 -1099.41742394
v 15.94497263 96.1105419 -1119.50819056
v -9.66807678 108.68355659 -1095.71984185
v -7.75318444 111.16545809 -1094.71667277
v -16.02698267 125.99019914 -1109.02856053
v -20.29586881 120.45729102 -1111.26511546
v 6.58845007 97.76235929 -1099.41742394
v 15.94497263 96.1105419 -1119.50819056
v -16.02698267 125.99019914 -1109.02856053
v 6.58845007 97.76235929 -1099.41742394
v 15.94497263 96.1105419 -1119.50819056
v -25.21258593 150.45781923 -1144.30344871
v -32.45970607 168.51501104 -1171.55536047
v -1.32930046 180.12456487 -1166.2185081
v -36.05560958 125.72078448 -1154.06334243
v -25.40919483 101.67862081 -1162.93383984
v -32.69032836 111.29698754 -1193.40888155
v -45.17858028 139.49844649 -1183.0036376
v 28.99769247 167.96898538 -1169.97846011
v 41.76900983 139.49844725 -1180.47754552
v -32.69032836 111.29698754 -1193.40888155
v -21.75251544 103.6389476 -1196.01517531
v 41.76900983 139.49844725 -1180.47754552
v 37.04708219 157.54315623 -1173.7253473
v 28.99769247 167.96898538 -1169.97846011
v -40.60104489 121.72297167 -1189.65789356
v -32.69032836 111.29698754 -1193.40888155
v -1.32928258 180.12451719 -1166.2185081
v -20.79299539 176.18887025 -1168.28654929
v -16.02698267 125.99019914 -1109.02856053
v 9.95537788 129.67554241 -1106.86658236
v 15.7660231 125.70774495 -1108.21288295
v 27.18074024 149.99233129 -1142.95905413
v 17.60508567 156.53107953 -1140.74052395
v 27.47564614 101.2175913 -1161.57332817
v -25.21258593 150.45781923 -1144.30344871
v -32.24750161 141.3398469 -1147.98911042
v -36.05560958 125.72078448 -1154.06334243
v 27.47564614 101.2175913 -1161.57332817
v 0.68631545 91.08641738 -1166.21981627
v -25.21258593 150.45781923 -1144.30344871
v 0.68631545 91.08645314 -1166.21981627
v 17.78950244 94.67422353 -1164.35319095
v 27.47564614 101.2175913 -1161.57332817
v -16.02698267 125.99019914 -1109.02856053
v -25.21258593 150.45781923 -1144.30344871
v 27.47564614 101.2175913 -1161.57332817
v -25.40919483 101.67862081 -1162.93383984
v 29.343611 110.75619518 -1191.81300307
v 41.76900983 139.49844725 -1180.47754552
v 37.44707406 121.4537382 -1187.49314854
v -32.45970607 168.51501104 -1171.55536047
v -20.79299539 176.18887025 -1168.28654929
v -1.32928258 180.12451719 -1166.2185081
v -1.32930046 180.12456487 -1166.2185081
v -45.17858028 139.49844649 -1183.0036376
v -40.71167409 157.81962571 -1175.87855287
v -32.45970607 168.51501104 -1171.55536047
v -21.75251544 103.6389476 -1196.01517531
v -32.69032836 111.29698754 -1193.40888155
v -2.08028145 98.87232291 -1197.26334258
v -2.08028145 98.87237059 -1197.26334258
v -40.60104489 121.72297167 -1189.65789356
v -32.69032836 111.29698754 -1193.40888155
v 29.343611 110.75619518 -1191.81300307
v 17.98175424 103.08083394 -1195.07361265
v 28.99769247 167.96898538 -1169.97846011
v 37.04708219 157.54315623 -1173.7253473
v 17.76543409 175.63893433 -1167.37598105
v 28.99769247 167.96898538 -1169.97846011
v 28.99769247 167.96898538 -1169.97846011
v 17.76543409 175.63893433 -1167.37598105
v 29.343611 110.75619518 -1191.81300307
v 37.44707406 121.4537382 -1187.49314854
v -32.45970607 168.51501104 -1171.55536047
v -40.71167409 157.81962571 -1175.87855287
v -45.17858028 139.49844649 -1183.0036376
v 29.343611 110.75619518 -1191.81300307
v -2.08028145 98.87232291 -1197.26334258
v -32.45970607 168.51501104 -1171.55536047
v -2.08028145 98.87237059 -1197.26334258
v 17.98175424 103.08083394 -1195.07361265
v 29.343611 110.75619518 -1191.81300307
v -32.45970607 168.51501104 -1171.55536047
v 29.343611 110.75619518 -1191.81300307
v -32.69032836 111.29698754 -1193.40888155
v 28.99769247 167.96898538 -1169.97846011
v -417.97113419 -48.74289189 -1037.26843819
v -416.94879532 -48.94955206 -1083.10239904
v -305.44281006 -49.714238 -1103.46200668
v -306.40931129 -56.46957986 -1103.42252252
v -380.48756123 -53.93499002 -1089.90495522
v -379.78012562 -49.20444737 -1089.88893492
v -383.22145939 -62.93884331 -955.82065642
v -381.04054928 -59.12847471 -1036.77519478
v -380.48756123 -53.93499002 -1089.90495522
v -306.40931129 -56.46957986 -1103.42252252
v -159.06062126 -67.44597341 -524.69137202
v -158.96835327 -85.17886444 -523.98054562
v -364.27371502 -46.80504264 -846.1714042
v -182.89294243 -64.38037836 -611.34568674
v -159.06062126 -67.44597341 -524.69137202
v -182.85691738 -80.65070284 -610.76231933
v -277.31056213 -77.60088915 -730.36617115
v -276.61137581 -59.58827318 -729.76364528
v -365.03553391 -66.61629701 -846.83315269
v -158.96835327 -85.17886444 -523.98054562
v 417.97113419 -48.74289189 -1037.26843819
v 416.94879532 -48.94955206 -1083.10239904
v 305.44281006 -49.714238 -1103.46200668
v 379.78012562 -49.20444737 -1089.88893492
v 380.48756123 -53.93499002 -1089.90495522
v 306.40931129 -56.46957986 -1103.42252252
v 381.04054928 -59.12847471 -1036.77519478
v 383.22145939 -62.93884331 -955.82065642
v 306.40931129 -56.46957986 -1103.42252252
v 380.48756123 -53.93499002 -1089.90495522
v 158.96835327 -85.17886444 -523.98054562
v 159.06062126 -67.44597341 -524.69137202
v 364.27371502 -46.80504264 -846.1714042
v 159.06062126 -67.44597341 -524.69137202
v 182.89294243 -64.38037836 -611.34568674
v 277.31056213 -77.60088915 -730.36617115
v 182.85691738 -80.65070284 -610.76231933
v 276.61137581 -59.58827318 -729.76364528
v 365.03553391 -66.61629701 -846.83315269
v 158.96835327 -85.17886444 -523.98054562
v 455.50980568 -49.41779248 -1038.27380127
v 454.11744118 -48.69465675 -1076.31586317
v -455.50980568 -49.41779248 -1038.27380127
v -454.11744118 -48.69465675 -1076.31586317
v -98.31374288 -53.66339524 -498.63089502
v -99.68993664 -82.55466768 -499.63315011
v -99.20277596 -65.97563306 -323.59306174
v -98.31374288 -53.66339524 -498.63089502
v -103.24015617 -87.16902414 -100.00471214
v 98.31374288 -53.66339524 -498.63089502
v 99.68993664 -82.55466768 -499.63315011
v 99.20277596 -65.97563306 -323.59306174
v 98.31374288 -53.66339524 -498.63089502
v 103.24015617 -87.16902414 -100.00471214
v 289.08069134 -46.92044145 -1027.40258434
v 224.58021641 -47.77207998 -1022.71994866
v -278.0506134 -48.1032106 -963.88712294
v -276.48234367 -47.07701525 -1022.10006068
v -3.18287238 113.86778145 -97.04107567
v -20.31879574 113.86778145 -97.04107567
v 23.02812338 114.84843103 -102.39109255
v 0 114.84843103 -102.39109255
v 3.15678418 113.87580422 -97.08493276
v 20.34100294 113.87580422 -97.08493276
v 3.15678418 108.15579536 -65.87900829
v 23.1031239 108.15579536 -65.87900829
v 0 107.18316855 -60.57284849
v 26.72957182 107.18316855 -60.57284849
v -14.78542984 165.38966444 -861.55823788
v 0 167.12703625 -887.65486383
v -82.76219368 129.53099287 -1055.54909043
v -96.11565471 119.81782939 -1069.50792059
v -96.11565471 118.34837658 -1056.03898945
v -14.50208426 188.38057576 -1067.29932741
v -32.00409412 172.0374422 -1053.68714991
v -14.50208426 186.69418616 -1053.04514091
v -96.11565471 119.81782939 -1069.50792059
v -58.4128499 122.06851781 -1090.66241654
v -96.18402719 62.31230441 -1106.1842081
v -18.7574327 184.80570329 -1070.89038632
v -14.263767 191.91493824 -1072.51964539
v -14.50208426 188.38057576 -1067.29932741
v 0 205.05752985 -888.0295739
v -11.57762855 193.11769648 -887.91160079
v 0 167.12703625 -887.65486383
v -10.23416594 205.05752985 -888.0295739
v -57.18963742 10.90608653 -1125.97121444
v -99.87635612 -28.47566681 -1140.83364186
v -58.96747112 13.29448324 -1125.05969341
v -59.98440981 17.41933152 -1123.48536938
v -58.90027285 21.67081135 -1121.86278948
v -56.9218874 24.18474735 -1120.90339405
v -14.50208426 170.20068439 -913.63476048
v -11.57762855 193.11769648 -887.91160079
v -75.89093447 117.61140162 -896.75967127
v -96.0349977 99.87343906 -873.6423185
v -34.72679853 150.81397416 -890.65445018
v -14.78542984 165.38966444 -861.55823788
v -34.72679853 150.81397416 -890.65445018
v 0 167.12703625 -887.65486383
v -87.70987391 165.50070979 -1051.98293223
v -90.59051275 171.02293628 -1051.34740545
v -91.05483294 175.55597612 -1050.90461592
v -67.61348248 163.55029088 -1053.00031122
v -89.96927738 180.27138229 -1050.50912868
v -85.62507033 186.02628135 -1050.15207482
v -79.19749618 188.95621867 -1050.14549536
v -74.56455827 189.05873858 -1050.32841009
v -65.52876234 184.07587436 -1051.16935844
v -70.37422657 187.80782796 -1050.61937569
v -42.72429347 10.78121779 -1126.01880274
v 0 -28.47566681 -1140.83364186
v -40.84923267 13.23200714 -1125.08353525
v -39.79946077 17.41933152 -1123.48536938
v -40.84923267 21.6066559 -1121.88729888
v -42.72429347 24.05744674 -1120.95193602
v -54.22887802 25.93344321 -1120.23601341
v -49.70023036 26.8467234 -1119.88744579
v -45.27891874 25.80583266 -1120.28465075
v -54.63830233 9.09803339 -1126.6612925
v -50.0836432 7.99193814 -1127.08338834
v -45.41539252 8.96852144 -1126.71069278
v 0 191.91493824 -1072.51964539
v 14.78542984 165.38966444 -861.55823788
v 32.00409412 172.0374422 -1053.68714991
v 14.50208426 188.38057576 -1067.29932741
v 14.50208426 186.69418616 -1053.04514091
v 96.11565471 119.81782939 -1069.50792059
v 82.76219368 129.53099287 -1055.54909043
v 96.11565471 118.34837658 -1056.03898945
v 58.4128499 122.06851781 -1090.66241654
v 96.11565471 119.81782939 -1069.50792059
v 96.18402719 62.31230441 -1106.1842081
v 18.7574327 184.80570329 -1070.89038632
v 14.263767 191.91493824 -1072.51964539
v 14.50208426 188.38057576 -1067.29932741
v 11.57762855 193.11769648 -887.91160079
v 10.23416594 205.05752985 -888.0295739
v 57.18963742 10.90608653 -1125.97121444
v 99.87635612 -28.47566681 -1140.83364186
v 58.96747112 13.29448324 -1125.05969341
v 59.98440981 17.41933152 -1123.48536938
v 58.90027285 21.67081135 -1121.86278948
v 56.9218874 24.18474735 -1120.90339405
v 14.50208426 170.20068439 -913.63476048
v 11.57762855 193.11769648 -887.91160079
v 34.72679853 150.81397416 -890.65445018
v 75.89093447 117.61140162 -896.75967127
v 96.0349977 99.87343906 -873.6423185
v 14.78542984 165.38966444 -861.55823788
v 0 167.12703625 -887.65486383
v 34.72679853 150.81397416 -890.65445018
v 87.70987391 165.50070979 -1051.98293223
v 90.59051275 171.02293628 -1051.34740545
v 91.05483294 175.55597612 -1050.90461592
v 67.61348248 163.55029088 -1053.00031122
v 89.96927738 180.27138229 -1050.50912868
v 85.62507033 186.02628135 -1050.15207482
v 79.19749618 188.95621867 -1050.14549536
v 74.56455827 189.05873858 -1050.32841009
v 65.52876234 184.07587436 -1051.16935844
v 70.37422657 187.80782796 -1050.61937569
v 42.72429347 10.78121779 -1126.01880274
v 40.84923267 13.23200714 -1125.08353525
v 39.79946077 17.41933152 -1123.48536938
v 40.84923267 21.6066559 -1121.88729888
v 42.72429347 24.05744674 -1120.95193602
v 45.27891874 25.80583266 -1120.28465075
v 49.70023036 26.8467234 -1119.88744579
v 54.22887802 25.93344321 -1120.23601341
v 45.41539252 8.96852144 -1126.71069278
v 50.0836432 7.99193814 -1127.08338834
v 54.63830233 9.09803339 -1126.6612925
vn -0.27431 -0.48952 -0.82773
vn 0.2668 -0.3866 -0.88281
vn 0.0586 -0.40661 0.91172
vn -0.68398 -0.68018 -0.26369
vn -0.0581 -0.45559 0.88829
vn -0.84742 -0.50511 -0.1635
vn -1 0.0024 0
vn 0.2288 -0.8678 -0.4411
vn -0.2851 -0.85139 -0.44029
vn 0.99904 -0.0394 -0.0191
vn -0.20601 -0.91442 -0.34841
vn 0.1852 -0.82051 -0.5408
vn -0.26589 -0.95808 -0.1067
vn 0.92257 0.0584 -0.38139
vn -0.64247 -0.57918 -0.50178
vn 0.16449 -0.98056 0.107
vn 0.2885 -0.89511 -0.33991
vn -0.1872 -0.98101 0.0508
vn 0 -0.43328 0.90126
vn -0.60158 -0.61108 -0.51448
vn -0.60151 -0.61111 -0.51451
vn -0.66298 -0.1863 0.72508
vn -0.663 -0.1862 0.7251
vn -0.66293 -0.18631 0.72513
vn -0.0119 0.0721 -0.99733
vn -0.0119 0.072 -0.99733
vn -0.95065 -0.30559 -0.0536
vn -0.97712 -0.2058 0.0537
vn -0.97714 -0.20571 0.0537
vn 0 -0.70711 0.70711
vn -0.97758 -0.2032 0.0552
vn -0.97027 -0.20219 -0.133
vn -0.65729 -0.38379 0.64859
vn -0.65723 -0.38382 0.64863
vn 0 -0.79227 0.61017
vn 0 -0.1803 0.98361
vn -0.99218 -0.1224 0.0243
vn -0.98761 -0.1543 -0.0286
vn -0.69869 -0.26959 0.66269
vn -0.64479 -0.43889 0.62579
vn -0.6448 -0.439 0.6257
vn -0.64483 -0.43892 0.62573
vn -0.99287 -0.1108 -0.0439
vn -0.99286 -0.1109 -0.0439
vn -0.99319 -0.1142 0.0231
vn -0.99318 -0.1143 0.0231
vn -0.99319 -0.1142 0.023
vn 0 -0.4157 0.9095
vn 0 -0.99992 -0.0124
vn 0 -1 0
vn 0 -0.99991 0.0132
vn -0.82899 -0.5589 -0.0201
vn -0.82899 -0.55889 -0.0202
vn -0.62821 -0.62491 0.46351
vn -0.7167 -0.4848 0.5013
vn -0.86213 -0.50122 0.0743
vn 0 -0.48199 0.87618
vn -0.84349 -0.5094 -0.1704
vn -0.76103 -0.43582 0.48052
vn -0.761 -0.4359 0.4805
vn -0.93328 -0.35809 -0.0274
vn -0.93321 -0.3583 -0.0272
vn 0 -0.53673 0.84375
vn -0.88847 -0.44898 -0.0951
vn -0.99924 -0.006 0.0385
vn 0.0062 0.0208 -0.99976
vn 0.0062 0.0209 -0.99976
vn 0.0063 0.0209 -0.99976
vn -0.77054 0.0691 -0.63363
vn -0.99936 0.0148 0.0325
vn -0.99936 0.0149 0.0325
vn 0.0025 0.1271 -0.99189
vn 0.0025 0.1272 -0.99187
vn -0.9997 -0.0027 0.0244
vn -0.9997 -0.0032 0.0244
vn 0 0.94739 -0.3201
vn 0 0.36279 -0.93187
vn -0.9991 -0.0044 0.0422
vn -0.9991 -0.0044 0.0423
vn 0 0.1188 -0.99292
vn -0.99887 -0.0114 0.0461
vn 0 -0.0436 0.99905
vn -0.99954 0 0.0302
vn 0 0.28889 -0.95736
vn 0 -0.57509 -0.81809
vn 0 0.60262 0.79803
vn 0 0.0997 -0.99502
vn -0.63018 -0.0445 0.77517
vn -0.63023 -0.0444 0.77514
vn -0.63012 -0.0446 0.77522
vn 0 0.4037 -0.91489
vn 0.0012 0.0232 -0.99973
vn 0.0014 0.0235 -0.99972
vn -0.99969 -0.0044 0.0244
vn -0.9997 -0.0043 0.0243
vn 0 0.97757 0.21059
vn 0 -0.0664 0.99779
vn -0.0618 -0.0966 0.9934
vn -0.0617 -0.0966 0.99341
vn 0 -0.089 0.99603
vn 0 0.91787 -0.39689
vn -0.73692 -0.67582 0.0151
vn -0.9982 0.0578 -0.0158
vn -0.0338 0.0746 -0.99664
vn 0 0.0977 -0.99522
vn -0.99575 0.0898 0.0206
vn -0.99869 0.0037 0.0511
vn -0.99869 0.0038 0.051
vn 0 0.96691 -0.2551
vn -0.99952 -0.001 0.0309
vn -0.99953 -0.0009 0.0308
vn -0.99953 -0.0008 0.0307
vn -0.0239 0.0129 -0.99963
vn 0.0352 0.0436 -0.99843
vn 0.0351 0.0436 -0.99843
vn -0.0366 0.0445 -0.99834
vn -0.0367 0.0445 -0.99833
vn -0.62807 -0.0448 0.77687
vn -0.62818 -0.0447 0.77678
vn -0.62858 -0.0444 0.77648
vn -0.62841 -0.0445 0.77661
vn -0.0265 0.0005 -0.99965
vn -0.62907 -0.0447 0.77606
vn -0.62941 -0.0444 0.77581
vn -0.33088 -0.0742 0.94075
vn -0.9679 -0.1711 -0.1841
vn -0.96792 -0.1711 -0.184
vn 0 -0.0936 0.99561
vn -0.93557 -0.18979 -0.29779
vn 0 -0.7105 0.7037
vn -0.2982 -0.1006 0.94919
vn 0.38631 0.92232 0.0095
vn 0.3861 0.92241 0.0096
vn 0.3859 0.92249 0.0097
vn 0.38619 0.92237 0.0095
vn -0.98919 -0.1463 -0.0101
vn -0.98919 -0.1463 -0.01
vn -0.63051 -0.0445 0.77491
vn 0.002 0.0233 -0.99973
vn 0.0019 0.0233 -0.99973
vn 0.0019 0.0232 -0.99973
vn 0.0018 0.0231 -0.99973
vn -0.9997 -0.0044 0.0243
vn -0.9997 -0.0042 0.0242
vn 0 -0.1093 0.99401
vn 0 0.99644 0.0843
vn -0.0589 0.026 -0.99793
vn -0.0588 0.026 -0.99793
vn -0.0421 -0.155 0.98702
vn -0.042 -0.15491 0.98704
vn -0.0421 -0.15491 0.98703
vn -0.7494 -0.6621 0.0039
vn 0 -0.56059 0.82809
vn -0.62979 -0.0445 0.77549
vn -0.63002 -0.0442 0.77532
vn -0.0661 -0.0327 -0.99728
vn -0.12911 -0.41362 -0.90125
vn -0.1291 -0.41358 -0.90127
vn -0.0368 -0.0141 -0.99922
vn -0.0367 -0.0141 -0.99923
vn -0.0367 -0.014 -0.99923
vn -0.0217 -0.15651 -0.98744
vn -0.0215 -0.1563 -0.98748
vn -0.20361 -0.56322 -0.80083
vn -0.99968 -0.0032 0.0249
vn -0.99968 -0.0035 0.0251
vn -0.99968 -0.0034 0.025
vn -0.99968 -0.0034 0.0251
vn -0.1647 -0.1092 0.98028
vn -0.16479 -0.1092 0.98026
vn 0.0031 0.0355 -0.99936
vn -0.9406 -0.3395 -0.0039
vn -0.0244 0.0245 -0.9994
vn -0.0539 0.0782 -0.99548
vn -0.0539 0.0781 -0.99549
vn 0.0201 0.0254 0.99948
vn 0.0009 -0.0048 -0.99999
vn 0.001 -0.0048 -0.99999
vn -0.39281 -0.91812 0.0525
vn -0.0108 -0.0235 -0.99967
vn -0.96707 -0.25329 0.0247
vn -0.38711 -0.92203 -0.0008
vn 0.0132 -0.0144 0.99981
vn -0.99865 0.0268 0.0445
vn -0.99865 0.0268 0.0445
vn -0.1353 0.0052 0.99079
vn -0.1352 0.0052 0.9908
vn -0.0574 0.0027 -0.99835
vn -0.0573 0.0026 -0.99835
vn -0.0148 -0.0698 0.99745
vn -0.0149 -0.0698 0.99745
vn -0.0149 -0.0699 0.99744
vn -0.0599 0.0196 -0.99801
vn -0.06 0.0197 -0.998
vn -0.045 0.0396 -0.9982
vn -0.045 0.0397 -0.9982
vn -0.0507 -0.0526 0.99733
vn -0.035 -0.0192 -0.9992
vn -0.0481 0.1099 -0.99278
vn -0.0483 0.1097 -0.99279
vn -0.0481 0.1098 -0.99279
vn -0.9957 0.0222 0.0899
vn -0.99569 0.0222 0.09
vn -0.0526 0.037 -0.99793
vn -0.0525 0.037 -0.99794
vn 0.99829 -0.0239 -0.0533
vn 0.0017 -0.0205 0.99979
vn -0.0061 -0.0064 0.99996
vn -0.0062 -0.0063 0.99996
vn -0.0062 -0.0064 0.99996
vn -0.17849 0.98286 0.0462
vn -0.99528 0.0295 0.0925
vn -0.99527 0.0295 0.0926
vn -0.0082 0.0337 0.9994
vn 0.99682 0.004 -0.0796
vn 0.99681 0.004 -0.0797
vn -0.17731 0.97843 0.106
vn -0.17731 0.97844 0.1059
vn -0.17729 0.97846 0.1058
vn 0.0087 0.0484 0.99879
vn -0.0506 0.1002 -0.99368
vn -0.0506 0.1003 -0.99367
vn 0.99522 0.0163 -0.0963
vn 0.99521 0.0163 -0.0964
vn -0.92703 -0.0146 0.37471
vn -0.9997 -0.0033 0.0241
vn -0.99971 -0.0031 0.024
vn -0.99971 -0.003 0.024
vn 0.0152 0.0733 -0.99719
vn 0.0151 0.0732 -0.9972
vn -0.99913 -0.0051 0.0415
vn -0.99913 -0.0051 0.0414
vn -0.99913 -0.005 0.0413
vn 0.53221 -0.76831 0.3556
vn -0.63508 -0.0875 0.76748
vn -0.63501 -0.0876 0.76752
vn -0.0487 0.99553 0.0809
vn -0.99893 -0.0057 0.046
vn -0.99892 -0.0058 0.0461
vn 0.77051 -0.0749 0.63301
vn 0.0339 0.0778 -0.99639
vn 0.0339 0.0777 -0.9964
vn -0.55588 -0.63607 -0.53518
vn -0.98081 -0.0079 0.1948
vn -0.98081 -0.0078 0.1948
vn -0.89588 -0.0376 0.44269
vn -0.47241 -0.76161 0.44361
vn -0.4721 -0.7618 0.4436
vn -0.96255 -0.0302 0.26941
vn -0.96256 -0.0302 0.26939
vn -0.58401 -0.81162 0.0143
vn -0.58397 -0.81165 0.0142
vn -0.96186 -0.035 0.27129
vn -0.96191 -0.0352 0.2711
vn -0.1577 -0.1157 0.98069
vn -0.0899 -0.87878 0.46869
vn -0.0897 -0.87875 0.46877
vn -0.0896 -0.87874 0.46882
vn -0.1533 -0.1195 0.98093
vn -0.1535 -0.1197 0.98087
vn -0.15349 -0.1198 0.98086
vn -0.63849 -0.0871 0.76469
vn -0.6386 -0.087 0.7646
vn -0.63854 -0.08701 0.76465
vn -0.0092 0.80872 0.58812
vn -0.0092 0.80868 0.58818
vn -0.0253 0.99468 0.0999
vn 0.41769 0.0334 -0.90798
vn -0.1051 0.67213 -0.73293
vn -0.1052 0.67212 -0.73293
vn 0.9233 0.2005 0.3276
vn -0.696 0.7055 0.1336
vn 0.79537 -0.017 -0.60588
vn -0.3341 0.923 0.1909
vn -0.33419 0.92297 0.19089
vn -0.33418 0.92295 0.19099
vn 0.96588 -0.1026 -0.2378
vn 0.0068 -0.95639 0.292
vn 0.0068 -0.95642 0.29191
vn 0.0069 -0.95639 0.292
vn -0.73948 -0.41159 0.53269
vn 0.39002 -0.89955 -0.19671
vn 0.39001 -0.89953 -0.19681
vn 0.38999 -0.89957 -0.19669
vn 0.3901 -0.8995 -0.1968
vn -0.92158 -0.34149 0.1846
vn 0.68471 0.72881 -0.0045
vn -0.3698 -0.4548 0.81019
vn 0.0278 0.73978 0.67228
vn -0.93265 0.22379 -0.28299
vn -0.0412 0.99481 0.093
vn -0.0412 0.9948 0.0931
vn -0.0414 0.9948 0.093
vn -0.0415 0.99479 0.0931
vn -0.0414 0.99481 0.0929
vn -0.0415 0.99481 0.0929
vn -0.0415 0.99482 0.0928
vn -0.0413 0.99483 0.0928
vn -0.0413 0.99484 0.0927
vn -0.0414 0.99483 0.0927
vn -0.0412 0.99482 0.0929
vn -0.0413 0.99481 0.093
vn -0.0413 0.9948 0.0931
vn -0.0414 0.9948 0.0931
vn 0.23069 0.44778 -0.86387
vn 0.59352 -0.36631 0.71662
vn -0.28121 -0.0073 -0.95962
vn 0.86616 -0.27289 0.41868
vn 0.285 -0.4253 0.85901
vn -0.60249 -0.0697 -0.79508
vn -0.26629 -0.0488 0.96266
vn -0.86542 -0.1706 -0.47111
vn -0.0028 -0.453 0.8915
vn 0.47799 0.0293 0.87788
vn -0.47213 0.38452 -0.79325
vn -0.88477 0.034 0.46478
vn 0.0275 0.0252 -0.9993
vn -0.95575 -0.26722 -0.12301
vn -0.95573 -0.26731 -0.123
vn 0.98024 -0.18181 0.0779
vn 0.83323 0.37501 -0.40631
vn 0.0899 -0.26971 0.95874
vn 0.0898 -0.26971 0.95874
vn 0.67883 -0.68903 0.25381
vn -0.16901 0.96683 0.19151
vn -0.1691 0.96681 0.1915
vn -0.1766 -0.80309 0.56909
vn -0.6333 0.1691 0.7552
vn -0.63321 0.169 0.75531
vn 0.33931 0.21691 0.91533
vn 0.37639 -0.92646 0
vn 0.37639 -0.92646 -0.0001
vn 0.3763 -0.9265 0
vn 0.18279 -0.22109 -0.95797
vn -0.0026 -0.46908 -0.88315
vn -0.0025 -0.4692 -0.88309
vn -0.0026 -0.46912 -0.88313
vn -0.78429 0.3778 0.49209
vn 0.2715 -0.88339 -0.38199
vn -0.21031 -0.22391 -0.95165
vn -0.21041 -0.22391 -0.95163
vn 0.0578 0.95209 0.3003
vn -0.47738 -0.75986 0.44128
vn -0.4773 -0.7599 0.4413
vn 0.084 0.89839 0.43109
vn -0.81462 -0.44581 -0.37101
vn -0.88014 0.41752 -0.22591
vn -0.56902 -0.0385 -0.82142
vn 0.9211 -0.3797 0.086
vn -0.3762 0.60039 -0.70569
vn -0.77414 -0.11421 -0.62263
vn -0.19969 -0.63206 0.74875
vn -0.19959 -0.63207 0.74877
vn 0.7698 -0.5017 0.3946
vn 0.92101 -0.2261 -0.3172
vn 0.2044 -0.801 0.5627
vn -0.68227 -0.34779 -0.64308
vn 0.81442 -0.58002 -0.0172
vn -0.33592 0.77156 -0.54024
vn 0.81417 -0.44439 -0.37369
vn -0.50147 -0.28108 -0.81825
vn -0.50151 -0.2811 -0.81821
vn -0.78572 0.60841 -0.1117
vn 0.78641 0.38201 0.48541
vn 0.3139 0.77379 -0.55019
vn 0.49402 -0.75583 0.42972
vn 0.67623 -0.34422 -0.65133
vn -0.67249 -0.69199 0.2625
vn -0.67254 -0.69194 0.26251
vn -0.3175 0.2118 0.9243
vn 0.7835 0.6098 -0.1195
vn -0.81387 -0.58088 -0.0142
vn 0.4853 -0.2764 -0.82951
vn 0.3531 0.59 -0.7261
vn 0.89749 0.1061 0.42809
vn -0.9195 0.2412 -0.3104
vn -0.59079 0.0953 -0.80118
vn 0.9681 -0.1805 0.1738
vn -0.38641 0.52051 -0.76142
vn -0.79637 -0.0227 -0.60438
vn -0.20201 -0.60403 0.77094
vn 0.88148 0.1633 0.44309
vn 0.35129 0.60318 -0.71608
vn 0.56012 -0.57752 0.59392
vn 0.76708 -0.1104 -0.63198
vn -0.7625 -0.5051 0.4043
vn -0.9217 -0.2276 -0.3141
vn -0.3555 -0.0262 0.93431
vn 0.87702 0.41951 -0.2342
vn 0.20671 0.0263 -0.97805
vn 0.55053 -0.0333 -0.83415
vn -0.92037 -0.38069 0.0894
vn -0.54108 -0.58218 0.60688
vn 0.2312 -0.62961 0.74171
vn -0.87846 0.15929 0.45048
vn -0.238 0.0233 -0.97099
vn 0.38019 -0.0213 0.92466
vn 0 0.93426 0.35659
vn 0 0.9343 0.3565
vn 0 0.93425 0.35662
vn 0 0.93433 0.35641
vn 0.0001 0.93426 0.35659
vn 0 0.93422 0.35671
vn 0.58123 -0.46552 0.66743
vn 0.8107 0.1516 -0.5655
vn -0.76431 -0.49961 0.40771
vn -0.93655 -0.18119 -0.30008
vn -0.37291 -0.2677 0.88841
vn 0.87756 0.41788 -0.23509
vn 0.21761 0.26231 -0.94013
vn 0.58161 0.22711 -0.78112
vn -0.92512 -0.36741 0.0957
vn -0.54348 -0.57198 0.61438
vn 0.237 -0.56279 0.79189
vn -0.92258 -0.0882 0.37559
vn -0.249 0.2084 -0.94581
vn 0.39509 -0.1798 0.90088
vn 0.97134 0.0167 -0.23711
vn 0.80498 -0.34929 0.47959
vn -0.001 0.9709 0.2395
vn -0.0011 0.9709 0.2395
vn -0.0012 0.97087 0.23959
vn 0 0.951 0.3092
vn 0.60158 -0.61108 -0.51448
vn 0.60151 -0.61111 -0.51451
vn 0.66298 -0.1863 0.72508
vn 0.66293 -0.18631 0.72513
vn 0.663 -0.1862 0.7251
vn 0.0119 0.0721 -0.99733
vn 0.95065 -0.30559 -0.0536
vn 0.97712 -0.2058 0.0537
vn 0.97714 -0.20571 0.0537
vn 0.97758 -0.2032 0.0552
vn 0.97027 -0.20219 -0.133
vn 0.65729 -0.38379 0.64859
vn 0.65723 -0.38382 0.64863
vn 0.99218 -0.1224 0.0243
vn 0.98762 -0.1542 -0.0287
vn 0.98761 -0.1543 -0.0286
vn 0.69869 -0.26959 0.66269
vn 0.64483 -0.43892 0.62573
vn 0.64479 -0.43889 0.62579
vn 0.6448 -0.439 0.6257
vn 0.99287 -0.1109 -0.0438
vn 0.99287 -0.1108 -0.0439
vn 0.99288 -0.1107 -0.044
vn 0.99286 -0.1109 -0.0439
vn 0.99319 -0.1142 0.023
vn 0.99319 -0.1142 0.0231
vn 0.99318 -0.1143 0.0231
vn 0.82899 -0.5589 -0.0201
vn 0.82899 -0.55889 -0.0202
vn 0.62821 -0.62491 0.46351
vn 0.7167 -0.4848 0.5013
vn 0.86213 -0.50122 0.0743
vn 0.86215 -0.50117 0.0743
vn 0.84349 -0.5094 -0.1704
vn 0.76103 -0.43582 0.48052
vn 0.761 -0.4359 0.4805
vn 0.93328 -0.35809 -0.0274
vn 0.93321 -0.3583 -0.0272
vn 0.88847 -0.44899 -0.095
vn 0.88847 -0.44898 -0.0951
vn 0.99924 -0.006 0.0385
vn -0.0062 0.0208 -0.99976
vn -0.0062 0.0209 -0.99976
vn -0.0063 0.0209 -0.99976
vn 0.77054 0.0691 -0.63363
vn 0.99936 0.0148 0.0325
vn 0.99936 0.0149 0.0325
vn -0.0025 0.1271 -0.99189
vn -0.0025 0.1272 -0.99187
vn 0.9997 -0.0032 0.0244
vn 0.9997 -0.0027 0.0244
vn 0.9991 -0.0044 0.0422
vn 0.9991 -0.0044 0.0423
vn 0.99887 -0.0114 0.0461
vn 0.99954 0 0.0302
vn 0.63012 -0.0445 0.77522
vn 0.63018 -0.0445 0.77517
vn -0.0013 0.0233 -0.99973
vn -0.0013 0.0234 -0.99973
vn -0.0012 0.0232 -0.99973
vn -0.0012 0.0233 -0.99973
vn 0.9997 -0.0043 0.0243
vn 0.99969 -0.0044 0.0244
vn 0.0618 -0.0966 0.9934
vn 0.0617 -0.0966 0.99341
vn 0.73692 -0.67582 0.0151
vn 0.9982 0.0578 -0.0158
vn 0.0338 0.0746 -0.99664
vn 0.99575 0.0898 0.0206
vn 0.99869 0.0037 0.0511
vn 0.99869 0.0038 0.051
vn 0.99952 -0.001 0.0309
vn 0.99953 -0.0009 0.0308
vn 0.99953 -0.0008 0.0307
vn 0.0239 0.0129 -0.99963
vn -0.0351 0.0433 -0.99845
vn -0.035 0.0433 -0.99845
vn 0.0366 0.0445 -0.99834
vn 0.0367 0.0445 -0.99833
vn 0.62807 -0.0448 0.77687
vn 0.62841 -0.0445 0.77661
vn 0.62858 -0.0444 0.77648
vn 0.62818 -0.0447 0.77678
vn 0.0266 0.0005 -0.99965
vn 0.62941 -0.0444 0.77581
vn 0.62907 -0.0447 0.77606
vn 0.3305 -0.074 0.9409
vn 0.33059 -0.074 0.94087
vn 0.9679 -0.1711 -0.1841
vn 0.96792 -0.1711 -0.184
vn 0.9352 -0.1896 -0.2991
vn 0.93521 -0.1897 -0.299
vn 0.93522 -0.1898 -0.29891
vn 0.29839 -0.1011 0.94907
vn -0.38602 0.92244 0.0096
vn -0.38619 0.92237 0.0095
vn -0.3861 0.92241 0.0095
vn -0.38619 0.92237 0.0094
vn 0.98919 -0.1463 -0.0101
vn 0.98919 -0.1463 -0.01
vn 0.63051 -0.0445 0.77491
vn 0.63051 -0.0444 0.77491
vn -0.002 0.0233 -0.99973
vn -0.0018 0.0231 -0.99973
vn -0.0019 0.0232 -0.99973
vn -0.0019 0.0233 -0.99973
vn 0.9997 -0.0042 0.0242
vn 0.9997 -0.0044 0.0243
vn 0.0589 0.026 -0.99793
vn 0.0588 0.026 -0.99793
vn 0.0421 -0.155 0.98702
vn 0.0421 -0.15491 0.98703
vn 0.042 -0.15491 0.98704
vn 0.7494 -0.6621 0.0039
vn 0.63002 -0.0442 0.77532
vn 0.6299 -0.0444 0.7754
vn 0.0661 -0.0327 -0.99728
vn 0.12911 -0.41362 -0.90125
vn 0.1291 -0.41358 -0.90127
vn 0.0367 -0.0141 -0.99923
vn 0.0367 -0.014 -0.99923
vn 0.037 -0.0143 -0.99921
vn 0.0217 -0.15651 -0.98744
vn 0.0215 -0.1563 -0.98748
vn 0.20361 -0.56322 -0.80083
vn 0.99968 -0.0032 0.0249
vn 0.99968 -0.0034 0.0251
vn 0.99968 -0.0034 0.025
vn 0.99968 -0.0035 0.0251
vn 0.16479 -0.1092 0.98026
vn 0.1647 -0.1092 0.98028
vn -0.0031 0.0355 -0.99936
vn 0.9406 -0.3395 -0.0039
vn 0.0244 0.0245 -0.9994
vn 0.0539 0.0782 -0.99548
vn 0.0539 0.0781 -0.99549
vn -0.0201 0.0254 0.99948
vn -0.0009 -0.0048 -0.99999
vn -0.001 -0.0048 -0.99999
vn 0.39281 -0.91812 0.0525
vn 0.0108 -0.0235 -0.99967
vn 0.96707 -0.25329 0.0247
vn 0.38711 -0.92203 -0.0008
vn -0.0131 -0.0145 0.99981
vn -0.0132 -0.0144 0.99981
vn 0.99865 0.0268 0.0445
vn 0.99865 0.0268 0.0445
vn 0.1353 0.0052 0.99079
vn 0.1352 0.0052 0.9908
vn 0.0574 0.0027 -0.99835
vn 0.0573 0.0026 -0.99835
vn 0.0149 -0.0699 0.99744
vn 0.0148 -0.0698 0.99745
vn 0.0149 -0.0698 0.99745
vn 0.0599 0.0196 -0.99801
vn 0.06 0.0197 -0.998
vn 0.045 0.0396 -0.9982
vn 0.045 0.0397 -0.9982
vn 0.0507 -0.0526 0.99733
vn 0.035 -0.0192 -0.9992
vn 0.0481 0.1099 -0.99278
vn 0.0481 0.1098 -0.99279
vn 0.9957 0.0222 0.0899
vn 0.99569 0.0222 0.09
vn 0.0526 0.037 -0.99793
vn -0.99829 -0.0239 -0.0533
vn -0.99829 -0.0239 -0.0534
vn -0.0113 0.0783 0.99687
vn -0.0113 0.0782 0.99687
vn -0.0114 0.0783 0.99686
vn 0.0061 -0.0064 0.99996
vn 0.0062 -0.0064 0.99996
vn 0.0062 -0.0063 0.99996
vn 0.17849 0.98286 0.0462
vn 0.17849 0.98286 0.0461
vn 0.99528 0.0295 0.0925
vn 0.99527 0.0295 0.0926
vn 0.0083 0.0337 0.9994
vn 0.0082 0.0337 0.9994
vn 0.0082 0.0336 0.9994
vn -0.99682 0.004 -0.0796
vn -0.99681 0.004 -0.0797
vn 0.17731 0.97843 0.106
vn 0.17731 0.97845 0.10581
vn 0.17729 0.97846 0.1058
vn -0.0087 0.0484 0.99879
vn 0.0506 0.1002 -0.99368
vn 0.0506 0.1003 -0.99367
vn -0.99522 0.0163 -0.0963
vn 0.92703 -0.0146 0.37471
vn 0.9997 -0.0033 0.0241
vn 0.99971 -0.0031 0.024
vn 0.99971 -0.003 0.024
vn -0.0152 0.0733 -0.99719
vn -0.0151 0.0732 -0.9972
vn 0.99913 -0.0051 0.0414
vn 0.99913 -0.005 0.0414
vn -0.53221 -0.76831 0.3556
vn 0.63508 -0.0875 0.76748
vn 0.0487 0.99553 0.0809
vn 0.99893 -0.0057 0.046
vn 0.99892 -0.0058 0.0461
vn -0.77051 -0.0749 0.63301
vn -0.0339 0.0778 -0.99639
vn -0.0339 0.0777 -0.9964
vn 0.55588 -0.63607 -0.53518
vn 0.98081 -0.0078 0.1948
vn 0.89588 -0.0376 0.44269
vn 0.4721 -0.7618 0.4436
vn 0.47241 -0.76161 0.44361
vn 0.96255 -0.0302 0.26941
vn 0.96256 -0.0302 0.26939
vn 0.58401 -0.81162 0.0144
vn 0.58401 -0.81161 0.0146
vn 0.96186 -0.035 0.27129
vn 0.1577 -0.1157 0.98069
vn 0.0899 -0.87878 0.46869
vn 0.0897 -0.87875 0.46877
vn 0.1533 -0.1195 0.98093
vn 0.15349 -0.1198 0.98086
vn 0.1535 -0.1197 0.98087
vn 0.63849 -0.0871 0.76469
vn 0.63854 -0.08701 0.76465
vn 0.6386 -0.087 0.7646
vn 0.0069 0.80911 0.58761
vn 0.0069 0.80907 0.58768
vn 0.0253 0.99468 0.0999
vn -0.41769 0.0334 -0.90798
vn 0.1051 0.67213 -0.73293
vn 0.1052 0.67212 -0.73293
vn -0.9233 0.2005 0.3276
vn 0.696 0.7055 0.1336
vn -0.79537 -0.017 -0.60588
vn 0.33409 0.92298 0.191
vn 0.33418 0.92295 0.19099
vn 0.3341 0.923 0.1909
vn -0.96588 -0.1026 -0.2378
vn -0.0046 -0.95656 0.29149
vn -0.0045 -0.95659 0.2914
vn 0.73948 -0.41159 0.53269
vn -0.39001 -0.89953 -0.19681
vn -0.3901 -0.8995 -0.1968
vn -0.38998 -0.89955 -0.19679
vn 0.92158 -0.34149 0.1846
vn -0.68471 0.72881 -0.0045
vn -0.68471 0.72881 -0.0046
vn 0.3698 -0.4548 0.81019
vn -0.0278 0.73978 0.67228
vn 0.93265 0.22379 -0.28299
vn 0.0412 0.99481 0.093
vn 0.0411 0.99481 0.0931
vn 0.0412 0.9948 0.0931
vn 0.0415 0.99479 0.0931
vn 0.0415 0.9948 0.093
vn 0.0414 0.9948 0.093
vn 0.0415 0.99482 0.0928
vn 0.0415 0.99481 0.0929
vn 0.0414 0.99481 0.0929
vn 0.0413 0.99483 0.0928
vn 0.0412 0.99483 0.0928
vn 0.0414 0.99483 0.0927
vn 0.0412 0.99482 0.0929
vn 0.0413 0.99481 0.093
vn 0.0414 0.9948 0.0931
vn 0.0414 0.99479 0.0932
vn -0.23069 0.44778 -0.86387
vn -0.59352 -0.36631 0.71662
vn 0.28121 -0.0073 -0.95962
vn -0.86616 -0.27289 0.41868
vn -0.285 -0.4253 0.85901
vn 0.60249 -0.0697 -0.79508
vn 0.26629 -0.0488 0.96266
vn 0.86542 -0.1706 -0.47111
vn 0.0028 -0.453 0.8915
vn -0.47799 0.0293 0.87788
vn 0.47213 0.38452 -0.79325
vn 0.88477 0.034 0.46478
vn -0.0275 0.0252 -0.9993
vn 0.95573 -0.26731 -0.123
vn 0.95575 -0.26722 -0.12301
vn -0.98024 -0.18181 0.0779
vn -0.83323 0.37501 -0.40631
vn -0.0932 -0.28339 0.95447
vn -0.67883 -0.68903 0.25381
vn 0.16901 0.96683 0.19151
vn 0.1691 0.96681 0.1915
vn 0.16911 0.96683 0.19141
vn 0.1766 -0.80309 0.56909
vn 0.6333 0.1691 0.7552
vn 0.63321 0.169 0.75531
vn -0.33931 0.21691 0.91533
vn -0.1413 -0.34761 -0.92693
vn -0.14119 -0.34758 -0.92696
vn -0.18279 -0.22109 -0.95797
vn 0.0021 -0.57797 -0.81606
vn 0.0021 -0.57802 -0.81602
vn 0.0022 -0.57802 -0.81602
vn 0.0021 -0.57808 -0.81598
vn 0.78429 0.3778 0.49209
vn -0.27429 -0.88266 -0.38168
vn -0.27431 -0.88264 -0.38172
vn 0.21041 -0.22391 -0.95163
vn 0.21031 -0.22391 -0.95165
vn -0.0578 0.95209 0.3003
vn 0.4773 -0.7599 0.4413
vn 0.47738 -0.75986 0.44128
vn -0.084 0.89839 0.43109
vn 0.81462 -0.44581 -0.37101
vn 0.88014 0.41752 -0.22591
vn 0.56902 -0.0385 -0.82142
vn -0.9211 -0.3797 0.086
vn 0.3762 0.60039 -0.70569
vn 0.77414 -0.11421 -0.62263
vn 0.19959 -0.63207 0.74877
vn 0.19969 -0.63206 0.74875
vn -0.7698 -0.5017 0.3946
vn -0.92101 -0.2261 -0.3172
vn -0.2044 -0.801 0.5627
vn 0.68227 -0.34779 -0.64308
vn -0.81442 -0.58002 -0.0172
vn 0.33592 0.77156 -0.54024
vn -0.81417 -0.44439 -0.37369
vn 0.50151 -0.2811 -0.81821
vn 0.50147 -0.28108 -0.81825
vn 0.78572 0.60841 -0.1117
vn -0.78641 0.38201 0.48541
vn -0.3139 0.77379 -0.55019
vn -0.49402 -0.75583 0.42972
vn -0.67623 -0.34422 -0.65133
vn 0.67254 -0.69194 0.26251
vn 0.67249 -0.69199 0.2625
vn 0.3175 0.2118 0.9243
vn -0.7835 0.6098 -0.1195
vn 0.81387 -0.58088 -0.0142
vn -0.4853 -0.2764 -0.82951
vn -0.3531 0.59 -0.7261
vn -0.89749 0.1061 0.42809
vn 0.9195 0.2412 -0.3104
vn 0.59079 0.0953 -0.80118
vn -0.9681 -0.1805 0.1738
vn 0.38641 0.52051 -0.76142
vn 0.79637 -0.0227 -0.60438
vn 0.20201 -0.60403 0.77094
vn -0.88148 0.1633 0.44309
vn -0.35129 0.60318 -0.71608
vn -0.56012 -0.57752 0.59392
vn -0.76708 -0.1104 -0.63198
vn 0.7625 -0.5051 0.4043
vn 0.9217 -0.2276 -0.3141
vn 0.3555 -0.0262 0.93431
vn -0.87702 0.41951 -0.2342
vn -0.20671 0.0263 -0.97805
vn -0.55053 -0.0333 -0.83415
vn 0.92037 -0.38069 0.0894
vn 0.54108 -0.58218 0.60688
vn -0.2312 -0.62961 0.74171
vn 0.87846 0.15929 0.45048
vn 0.238 0.0233 -0.97099
vn -0.38019 -0.0213 0.92466
vn -0.58123 -0.46552 0.66743
vn -0.8107 0.1516 -0.5655
vn 0.76431 -0.49961 0.40771
vn 0.93655 -0.18119 -0.30008
vn 0.37291 -0.2677 0.88841
vn -0.87756 0.41788 -0.23509
vn -0.21761 0.26231 -0.94013
vn -0.58161 0.22711 -0.78112
vn 0.92512 -0.36741 0.0957
vn 0.54348 -0.57198 0.61438
vn -0.237 -0.56279 0.79189
vn 0.92258 -0.0882 0.37559
vn 0.249 0.2084 -0.94581
vn -0.39509 -0.1798 0.90088
vn -0.97134 0.0167 -0.23711
vn -0.80498 -0.34929 0.47959
vn 0.001 0.9709 0.2395
vn 0.0011 0.9709 0.2395
vn 0.0012 0.97087 0.23959
vn -0.87568 -0.48289 0
vn -0.87562 -0.48301 0
vn 0.65854 -0.70845 0.25382
vn -0.1409 0.97132 0.1915
vn -0.1998 -0.79762 0.56911
vn -0.62811 0.1874 0.75522
vn -0.62802 0.18731 0.75532
vn 0.34551 0.2069 0.91532
vn -0.24489 -0.96955 0
vn -0.24501 -0.96952 0
vn -0.24491 -0.96955 0
vn 0.17629 -0.22629 -0.95797
vn 0.1762 -0.2263 -0.95799
vn 0.0867 -0.71521 -0.69351
vn -0.773 0.4004 0.4921
vn 0.1501 -0.90397 -0.40039
vn 0.15019 -0.90396 -0.40038
vn -0.21681 -0.21771 -0.95163
vn 0.0855 0.95 0.3003
vn 0.0854 0.95001 0.3003
vn -0.4992 -0.74569 0.4413
vn 0.11 0.89558 0.43109
vn -0.82724 -0.42192 -0.37102
vn -0.82721 -0.422 -0.371
vn -0.86763 0.44292 -0.22591
vn -0.56991 -0.0219 -0.82141
vn 0.90969 -0.40629 0.086
vn -0.35861 0.61102 -0.70573
vn -0.77713 -0.0917 -0.62262
vn -0.21789 -0.62598 0.74878
vn 0.75492 -0.52381 0.39461
vn 0.91408 -0.25269 -0.31719
vn 0.1811 -0.80659 0.56269
vn -0.69209 -0.32779 -0.64309
vn 0.79723 -0.60343 -0.0172
vn -0.3134 0.781 -0.5402
vn -0.31338 0.78096 -0.54027
vn 0.80093 -0.46782 -0.37371
vn -0.50942 -0.26641 -0.81824
vn -0.76775 0.63094 -0.11171
vn -0.7677 0.631 -0.1117
vn 0.79719 0.359 0.48539
vn 0.33622 0.76434 -0.55023
vn 0.47178 -0.76987 0.42979
vn 0.4718 -0.76991 0.4297
vn 0.66599 -0.3637 -0.65129
vn -0.69233 -0.67213 0.26251
vn -0.3112 0.2209 0.92431
vn 0.80088 0.58678 -0.1195
vn -0.83039 -0.557 -0.0142
vn 0.47702 -0.29041 -0.82953
vn 0.3701 0.5795 -0.72609
vn 0.90019 0.08 0.42809
vn -0.9121 0.2678 -0.3104
vn -0.58772 0.1124 -0.80122
vn 0.96245 -0.20851 0.17381
vn -0.37111 0.53152 -0.76142
vn -0.79669 0.0004 -0.60439
vn -0.21941 -0.59793 0.77094
vn 0.88586 0.13759 0.44308
vn 0.36869 0.59269 -0.71609
vn 0.54312 -0.59352 0.59392
vn 0.76356 -0.13259 -0.63197
vn -0.77689 -0.48269 0.40429
vn -0.92793 -0.20071 -0.31411
vn -0.3561 -0.0158 0.93431
vn 0.88881 0.39391 -0.2342
vn 0.20741 0.0203 -0.97804
vn 0.54933 -0.0493 -0.83415
vn -0.93103 -0.35381 0.0894
vn -0.55779 -0.56619 0.60688
vn 0.2128 -0.63609 0.74169
vn -0.87347 0.18469 0.45049
vn -0.2372 0.0302 -0.97099
vn 0.37939 -0.0323 0.92467
vn 0.0271 0.93387 0.35659
vn 0.0271 0.9339 0.3565
vn 0.0272 0.93387 0.35659
vn 0.0272 0.93382 0.35671
vn 0.027 0.9339 0.3565
vn 0.0271 0.93382 0.35671
vn 0.5675 -0.4822 0.6674
vn 0.81477 0.128 -0.56548
vn -0.7785 -0.4772 0.4077
vn -0.94141 -0.1539 -0.3001
vn -0.38051 -0.25671 0.88843
vn 0.88932 0.39221 -0.23511
vn 0.22511 0.25591 -0.94013
vn 0.588 0.2101 -0.7811
vn -0.9354 -0.3404 0.0957
vn -0.55987 -0.55597 0.61437
vn 0.22051 -0.56942 0.79192
vn -0.92476 -0.0613 0.37558
vn -0.2428 0.2156 -0.94581
vn 0.38969 -0.1912 0.90088
vn 0.97142 -0.0115 -0.2371
vn 0.7945 -0.3725 0.4796
vn -0.0066 0.0136 0.99989
vn -0.0067 0.0136 0.99989
vn -0.17901 0.98355 0.0241
vn -0.17901 0.98355 0.024
vn -0.0057 0.0103 0.99993
vn -0.0521 0.0559 -0.99708
vn -0.052 0.056 -0.99708
vn -0.0469 0.092 -0.99465
vn -0.0468 0.0921 -0.99465
vn -0.0468 0.0922 -0.99464
vn -0.38999 -0.92047 0.0253
vn -0.38999 -0.92047 0.0252
vn -0.3899 -0.92051 0.0253
vn 0.0164 0.0039 0.99986
vn 0.0163 0.0038 0.99986
vn 0.0163 0.0039 0.99986
vn -0.15201 -0.0586 0.98664
vn -0.15189 -0.0586 0.98666
vn -0.15191 -0.0586 0.98666
vn -0.0629 -0.02 -0.99782
vn -0.0317 -0.12261 0.99195
vn -0.0317 -0.12259 0.99195
vn -0.0596 0.0226 -0.99797
vn -0.0595 0.0226 -0.99797
vn -0.0593 0.0225 -0.99799
vn -0.0381 0.0612 -0.9974
vn -0.0578 -0.0807 0.99506
vn -0.0222 0.0316 -0.99925
vn -0.0221 0.0316 -0.99926
vn 0.0067 0.0136 0.99989
vn 0.17901 0.98355 0.0241
vn 0.17901 0.98355 0.024
vn 0.0057 0.0103 0.99993
vn 0.0521 0.0559 -0.99708
vn 0.052 0.056 -0.99708
vn 0.0469 0.092 -0.99465
vn 0.0468 0.0921 -0.99465
vn 0.0468 0.0922 -0.99464
vn 0.38999 -0.92047 0.0253
vn 0.38999 -0.92047 0.0252
vn 0.3899 -0.92051 0.0253
vn -0.0164 0.0039 0.99986
vn -0.0163 0.0038 0.99986
vn 0.15201 -0.0586 0.98664
vn 0.15191 -0.0586 0.98666
vn 0.15189 -0.0586 0.98666
vn 0.0629 -0.02 -0.99782
vn 0.0317 -0.12261 0.99195
vn 0.0317 -0.12259 0.99195
vn 0.0596 0.0226 -0.99797
vn 0.0593 0.0225 -0.99799
vn 0.0595 0.0226 -0.99797
vn 0.0381 0.0612 -0.9974
vn 0.0578 -0.0807 0.99506
vn 0.0222 0.0316 -0.99925
vn 0.0221 0.0316 -0.99926
vn 0.0054 0.0214 0.99976
vn 0.0052 -0.006 0.99997
vn 0.0051 -0.006 0.99997
vn 0.1788 0.98329 0.0342
vn 0.0524 0.0446 -0.99763
vn 0.0475 0.1011 -0.99374
vn 0.39158 -0.91926 0.0402
vn -0.0184 0.0154 0.99971
vn -0.0183 0.0153 0.99972
vn 0.1594 -0.0881 0.98328
vn 0.0648 -0.0278 -0.99751
vn 0.038 -0.1422 0.98911
vn 0.038 -0.1423 0.98909
vn 0.0592 0.0245 -0.99795
vn 0.0593 0.0245 -0.99794
vn 0.0592 0.0244 -0.99795
vn 0.0591 0.0244 -0.99795
vn 0.0355 0.0694 -0.99696
vn 0.0355 0.0693 -0.99696
vn 0.0602 -0.0905 0.99408
vn 0.0602 -0.0904 0.99408
vn 0.0162 0.0552 -0.99834
vn -0.0054 0.0214 0.99976
vn -0.0053 -0.0059 0.99997
vn -0.0052 -0.006 0.99997
vn -0.0051 -0.006 0.99997
vn -0.1788 0.98329 0.0342
vn -0.0524 0.0446 -0.99763
vn -0.0475 0.1011 -0.99374
vn -0.39158 -0.91926 0.0402
vn 0.0184 0.0154 0.99971
vn 0.0183 0.0153 0.99972
vn -0.1594 -0.0881 0.98328
vn -0.0648 -0.0278 -0.99751
vn -0.0649 -0.0278 -0.9975
vn -0.038 -0.1423 0.98909
vn -0.038 -0.1422 0.98911
vn -0.0592 0.0245 -0.99795
vn -0.0591 0.0244 -0.99795
vn -0.0592 0.0244 -0.99795
vn -0.0593 0.0245 -0.99794
vn -0.0355 0.0694 -0.99696
vn -0.0354 0.0694 -0.99696
vn -0.0602 -0.0905 0.99408
vn -0.0602 -0.0904 0.99408
vn -0.0162 0.0552 -0.99834
vn 0.3858 0.9225 0.0123
vn 0.3858 0.9225 0.0124
vn -0.2919 -0.0823 0.9529
vn -0.29199 -0.0823 0.95287
vn -0.94891 -0.1932 -0.2495
vn -0.94888 -0.1932 -0.2496
vn -0.9489 -0.1931 -0.2496
vn -0.339 -0.0799 0.93739
vn -0.0244 0.0018 -0.9997
vn -0.0245 0.0018 -0.9997
vn 0.0395 0.0547 -0.99772
vn -0.3858 0.9225 0.0123
vn -0.3858 0.9225 0.0122
vn 0.2921 -0.0828 0.9528
vn 0.94856 -0.19309 -0.25089
vn 0.94853 -0.19311 -0.25101
vn 0.33891 -0.0798 0.93743
vn 0.33879 -0.0798 0.93747
vn 0.0245 0.0017 -0.9997
vn 0.0245 0.0018 -0.9997
vn -0.0394 0.0544 -0.99774
vn -0.0133 -0.0195 0.99972
vn -0.0133 -0.0194 0.99972
vn -0.0134 -0.0195 0.99972
vn -0.0046 -0.0589 0.99825
vn -0.005 -0.0178 0.99983
vn -0.0006 -0.0205 0.99979
vn 0.0078 -0.0191 0.99979
vn 0.0079 -0.0193 0.99978
vn 0.008 -0.0194 0.99978
vn 0.0079 -0.0192 0.99978
vn 0.0071 -0.0017 0.99997
vn 0.0048 -0.0311 0.9995
vn 0.005 -0.0178 0.99983
vn -0.64183 -0.0867 0.76193
vn -0.64182 -0.0868 0.76193
vn -0.49398 0.68758 0.53218
vn -0.49402 0.68752 0.53222
vn -0.49409 0.68749 0.53219
vn 0 -0.99995 0.0099
vn -0.99972 -0.0029 0.0236
vn -0.99972 -0.003 0.0236
vn -0.99972 -0.0031 0.0236
vn -0.99972 -0.0027 0.0236
vn -0.0038 0.93421 0.3567
vn -0.0039 0.93421 0.3567
vn -0.0042 0.93421 0.3567
vn -0.0038 0.93418 0.35679
vn -0.0013 0.96691 0.2551
vn -0.0013 0.96694 0.25501
vn -0.99208 -0.0031 0.1256
vn -0.99206 -0.0032 0.1257
vn -0.99971 -0.004 0.0236
vn -0.99971 -0.0039 0.0238
vn -0.99971 -0.0038 0.0237
vn -0.99972 -0.0036 0.0234
vn -0.99971 -0.0038 0.0238
vn -0.63101 -0.0444 0.77451
vn -0.631 -0.0446 0.7745
vn -0.631 -0.0445 0.7745
vn -0.63073 -0.0444 0.77473
vn -0.63079 -0.0444 0.77468
vn -0.69441 -0.2274 0.68271
vn -0.69451 -0.2274 0.68261
vn -0.69449 -0.2275 0.68259
vn -0.023 -0.98794 -0.15311
vn -0.0231 -0.98794 -0.15311
vn -0.0413 0.99482 0.0929
vn 0.0037 0.93426 0.35658
vn 0.0036 0.93429 0.3565
vn 0.0037 0.93429 0.3565
vn 0 0.93288 0.36019
vn 0 0.93291 0.3601
vn 0 0.93554 0.35322
vn 0 0.93559 0.3531
vn 0 0.93562 0.35301
vn 0.0052 0.9691 0.2466
vn 0.0051 0.96908 0.24669
vn 0.64182 -0.0868 0.76193
vn 0.64183 -0.0867 0.76193
vn 0.49402 0.68752 0.53222
vn 0.49401 0.68761 0.53211
vn 0.49398 0.68758 0.53218
vn 0.49399 0.68749 0.53229
vn 0.49409 0.68749 0.53219
vn 0.99972 -0.0029 0.0236
vn 0.99972 -0.0031 0.0236
vn 0.99972 -0.0027 0.0236
vn 0.99972 -0.003 0.0236
vn 0.0038 0.93421 0.3567
vn 0.0042 0.93421 0.3567
vn 0.0039 0.93421 0.3567
vn 0.0038 0.93418 0.35679
vn 0.0013 0.96691 0.2551
vn 0.99208 -0.0031 0.1256
vn 0.99971 -0.0039 0.0238
vn 0.99971 -0.004 0.0236
vn 0.99971 -0.0038 0.0236
vn 0.99972 -0.0036 0.0234
vn 0.99971 -0.0038 0.0237
vn 0.63089 -0.0445 0.77459
vn 0.63061 -0.0446 0.77482
vn 0.63101 -0.0444 0.77451
vn 0.69441 -0.2274 0.68271
vn 0.69451 -0.2274 0.68261
vn 0.69439 -0.2275 0.68269
vn 0.0231 -0.98794 -0.15311
vn 0.023 -0.98794 -0.15311
vn 0.0413 0.99482 0.0929
vn -0.0037 0.93426 0.35658
vn -0.0001 0.93291 0.3601
vn 0.0001 0.93291 0.3601
vn 0 0.9328 0.3604
vn 0.0001 0.93559 0.3531
vn -0.0052 0.96908 0.24669
vn -0.0052 0.9691 0.2466
vt 0.58874 0.21425
vt 0.58968 0.21054
vt 0.58831 0.20993
vt 0.58968 0.20657
vt 0.58853 0.18712
vt 0.58859 0.19132
vt 0.58968 0.18712
vt 0.67043 0.16962
vt 0.67032 0.16892
vt 0.66306 0.16892
vt 0.58853 0.18358
vt 0.58947 0.18712
vt 0.58947 0.18291
vt 0.66301 0.17001
vt 0.58968 0.19879
vt 0.58848 0.19879
vt 0.58927 0.20657
vt 0.58968 0.19132
vt 0.58853 0.19521
vt 0.58831 0.21797
vt 0.58978 0.22165
vt 0.58978 0.21425
vt 0.50853 0.16927
vt 0.51587 0.1684
vt 0.50862 0.1684
vt 0.28181 0.08916
vt 0.28181 0.08167
vt 0.27784 0.08897
vt 0.27451 0.08915
vt 0.27781 0.08111
vt 0.51222 0.16851
vt 0.66678 0.16904
vt 0.27812 0.09071
vt 0.27445 0.08167
vt 0.24677 0.14329
vt 0.23003 0.14329
vt 0.23133 0.1977
vt 0.24678 0.1977
vt 0.37448 0.09819
vt 0.38286 0.09878
vt 0.37156 0.08672
vt 0.36956 0.09019
vt 0.90513 0.97483
vt 0.9372 0.97629
vt 0.93909 0.95349
vt 0.90297 0.95357
vt 0.21023 0.62375
vt 0.23886 0.5862
vt 0.23452 0.58628
vt 0.2047 0.6224
vt 0.48449 0.85582
vt 0.49689 0.85606
vt 0.48871 0.83821
vt 0.48505 0.83914
vt 0.55766 0.85018
vt 0.56264 0.82895
vt 0.24679 0.24287
vt 0.24093 0.24287
vt 0.2441 0.2549
vt 0.24679 0.2549
vt 0.50504 0.94755
vt 0.52914 0.94316
vt 0.54959 0.88459
vt 0.49997 0.88933
vt 0.4918 0.94544
vt 0.48654 0.89092
vt 0.54938 0.94275
vt 0.56975 0.8889
vt 0.54598 0.10313
vt 0.54598 0.11913
vt 0.55692 0.12073
vt 0.55692 0.10311
vt 0.95087 0.97629
vt 0.94924 0.97338
vt 0.93907 0.97338
vt 0.49866 0.87147
vt 0.55363 0.86738
vt 0.48493 0.87004
vt 0.58168 0.87791
vt 0.59011 0.85456
vt 0.93567 1
vt 0.95087 1
vt 0.3678 0.08522
vt 0.36592 0.08522
vt 0.36592 0.08805
vt 0.3678 0.09005
vt 0.37156 0.08521
vt 0.36956 0.08522
vt 0.52016 0.98774
vt 0.51152 0.98754
vt 0.51563 1
vt 0.51741 0.99985
vt 0.529 0.98791
vt 0.51935 0.99986
vt 0.52146 0.97551
vt 0.53532 0.97542
vt 0.50887 0.97502
vt 0.23839 0.23034
vt 0.24679 0.23034
vt 0.49622 0.96709
vt 0.50353 0.98236
vt 0.46734 0.32351
vt 0.4832 0.32297
vt 0.48362 0.31784
vt 0.46776 0.31838
vt 0.27736 0.73021
vt 0.22753 0.71555
vt 0.19225 0.8105
vt 0.24988 0.80486
vt 0.55781 0.37962
vt 0.55747 0.38858
vt 0.57647 0.38844
vt 0.57685 0.37947
vt 0.56044 0.31094
vt 0.52982 0.29343
vt 0.48226 0.27814
vt 0.22089 0.88363
vt 0.17186 0.86594
vt 0.1701 0.87071
vt 0.21839 0.89041
vt 0.56016 0.31821
vt 0.65162 0.11988
vt 0.65295 0.11988
vt 0.65243 0.10215
vt 0.65165 0.10215
vt 0.20444 0.92831
vt 0.15611 0.90859
vt 0.13728 0.96082
vt 0.18529 0.98041
vt 0.46609 0.27785
vt 0.48446 0.22168
vt 0.4828 0.22165
vt 0.34623 0.25036
vt 0.34544 0.25036
vt 0.34544 0.2549
vt 0.34623 0.2549
vt 0.80129 0.08276
vt 0.81268 0.0951
vt 0.81268 0.06979
vt 0.8034 0.05927
vt 0.58089 0.16224
vt 0.57347 0.16224
vt 0.57556 0.18081
vt 0.5809 0.18081
vt 0.79848 0.25279
vt 0.81268 0.27309
vt 0.81268 0.10055
vt 0.80628 0.09321
vt 0.33472 0.12894
vt 0.33927 0.12893
vt 0.33927 0.12029
vt 0.33472 0.12029
vt 0.6147 0.12761
vt 0.61944 0.12761
vt 0.61926 0.11976
vt 0.61471 0.11976
vt 0.79596 0.25378
vt 0.81268 0.27488
vt 0.68237 0.08777
vt 0.68094 0.08777
vt 0.68104 0.12065
vt 0.68237 0.12065
vt 0.90221 0.69003
vt 0.94179 0.69191
vt 0.9422 0.65165
vt 0.90209 0.64947
vt 0.79265 0.26464
vt 0.81268 0.28424
vt 0.81268 0.27892
vt 0.78883 0.25044
vt 0.57609 0.22165
vt 0.58092 0.22165
vt 0.30584 0.65284
vt 0.25742 0.63526
vt 0.24282 0.67447
vt 0.29193 0.69062
vt 0.48612 0.57019
vt 0.55912 0.56566
vt 0.55857 0.52514
vt 0.48449 0.52817
vt 0.81268 0.2763
vt 0.79013 0.24758
vt 0.60104 0.08416
vt 0.60104 0.08924
vt 0.60722 0.08905
vt 0.60722 0.08416
vt 0.95087 0.69191
vt 0.95087 0.65165
vt 0.85272 0.93932
vt 0.79837 0.87281
vt 0.7863 0.86906
vt 0.84701 0.93844
vt 0.6147 0.16557
vt 0.61935 0.16557
vt 0.70717 0.1557
vt 0.70773 0.1557
vt 0.70838 0.06504
vt 0.70731 0.06504
vt 0.9252 0.05212
vt 0.91871 0.05307
vt 0.921 0.12639
vt 0.92862 0.12621
vt 0.75612 0.19221
vt 0.78721 0.07128
vt 0.76746 0.04647
vt 0.73025 0.14738
vt 0.0663 0.70741
vt 0.13611 0.66575
vt 0.1236 0.66473
vt 0.04741 0.70646
vt 0.33523 0.08189
vt 0.33468 0.08189
vt 0.72281 0.16103
vt 0.7459 0.19041
vt 0.56106 0.71068
vt 0.49174 0.71768
vt 0.70661 0.1557
vt 0.7066 0.17001
vt 0.70715 0.17001
vt 0.55981 0.61725
vt 0.4919 0.62342
vt 0.39622 0.40731
vt 0.34918 0.3839
vt 0.30796 0.49728
vt 0.35562 0.5176
vt 0.23861 0.58646
vt 0.28563 0.49642
vt 0.28249 0.4963
vt 0.23337 0.58659
vt 0.27595 0.5855
vt 0.32355 0.60473
vt 0.9403 0.83598
vt 0.90263 0.83518
vt 0.95087 0.95349
vt 0.95087 0.83598
vt 0.32781 0.41916
vt 0.32481 0.42411
vt 0.94126 0.74317
vt 0.90236 0.74167
vt 0.17372 0.06184
vt 0.17337 0.14986
vt 0.17629 0.15138
vt 0.17409 0.06776
vt 0.95087 0.74317
vt 0.70771 0.17001
vt 0.48218 0.79196
vt 0.48617 0.79045
vt 0.48184 0.70717
vt 0.47683 0.70787
vt 0.49405 0.08809
vt 0.49263 0.08809
vt 0.49263 0.12053
vt 0.49369 0.12053
vt 0.70625 0.06504
vt 0.48253 0.79776
vt 0.48649 0.79633
vt 0.35125 0.03878
vt 0.34617 0.03878
vt 0.34617 0.03988
vt 0.35122 0.03988
vt 0.17173 0.25213
vt 0.17629 0.2549
vt 0.3513 0.03677
vt 0.34617 0.03677
vt 0.30967 0.17147
vt 0.30176 0.17428
vt 0.3026 0.17934
vt 0.30967 0.17684
vt 0.35141 0.03267
vt 0.34617 0.03267
vt 0.48095 0.60395
vt 0.47342 0.60428
vt 0.3477 0.17399
vt 0.34622 0.17399
vt 0.34622 0.17818
vt 0.34759 0.17818
vt 0.34617 0.04125
vt 0.35118 0.04125
vt 0.94264 0.60948
vt 0.90196 0.60698
vt 0.55801 0.48269
vt 0.48278 0.48415
vt 0.34623 0.19765
vt 0.34708 0.19765
vt 0.34701 0.25036
vt 0.34701 0.2549
vt 0.23003 0.25454
vt 0.23003 0.20077
vt 0.17629 0.20077
vt 0.17629 0.2549
vt 0.62109 0.05715
vt 0.61944 0.05723
vt 0.61944 0.11136
vt 0.62109 0.11136
vt 0.95087 0.60948
vt 0.03833 0.75281
vt 0.0203 0.74605
vt 0.74752 0.80732
vt 0.72952 0.80105
vt 0.91796 0.19789
vt 0.92669 0.19767
vt 0.7025 0.0776
vt 0.7025 0.08541
vt 0.70533 0.08541
vt 0.70533 0.07773
vt 0.42148 0.2778
vt 0.44345 0.27905
vt 0.44782 0.2672
vt 0.43413 0.26691
vt 0.40494 0.29374
vt 0.43404 0.30458
vt 0.45216 0.25544
vt 0.45083 0.2549
vt 0.86657 0.98503
vt 0.86244 0.98328
vt 0.35908 0.37036
vt 0.40339 0.38783
vt 0.40851 0.37392
vt 0.3662 0.35815
vt 0.92604 0.00617
vt 0.91854 0.00728
vt 0.09244 0.77309
vt 0.0785 0.81423
vt 0.17829 0.8517
vt 0.73687 0.75463
vt 0.71767 0.75411
vt 0.41498 0.35635
vt 0.37537 0.33956
vt 0.58799 0.15798
vt 0.57988 0.15722
vt 0.58064 0.16167
vt 0.58799 0.16224
vt 0.92194 0.2457
vt 0.9276 0.24556
vt 0.58799 0.1216
vt 0.57347 0.11921
vt 0.57763 0.14386
vt 0.58799 0.14519
vt 0.90112 0.86081
vt 0.90071 0.75909
vt 0.79446 0.7562
vt 0.80152 0.82612
vt 0.92538 0.28899
vt 0.92862 0.289
vt 0.90177 1
vt 0.90152 0.94686
vt 0.86988 0.94197
vt 0.87894 0.9903
vt 0.22682 0.62779
vt 0.17362 0.66882
vt 0.90133 0.90484
vt 0.83456 0.88407
vt 0.12298 0.71027
vt 0.2519 0.58595
vt 0.0244 0.79391
vt 0.00637 0.78713
vt 0 0.80642
vt 0.01642 0.81699
vt 0.4912 0.08231
vt 0.48311 0.08231
vt 0.48618 0.12043
vt 0.48884 0.12053
vt 0.57347 0.11719
vt 0.55764 0.11719
vt 0.56031 0.16074
vt 0.5732 0.16065
vt 0.90177 0.71562
vt 0.8578 0.72136
vt 0.85704 0.75262
vt 0.75607 0.75515
vt 0.79552 0.71274
vt 0.75713 0.71179
vt 0.90519 0.50742
vt 0.9033 0.50765
vt 0.90381 0.52762
vt 0.90519 0.52743
vt 0.92611 0.30937
vt 0.9275 0.30934
vt 0.79543 0.6758
vt 0.75742 0.6831
vt 0.61804 0.08281
vt 0.60996 0.08281
vt 0.61191 0.11955
vt 0.61534 0.11976
vt 0.71261 0.05947
vt 0.70838 0.06021
vt 0.70996 0.17001
vt 0.71261 0.1696
vt 0.90094 0.65469
vt 0.79645 0.67471
vt 0.06615 0.85032
vt 0.15635 0.90866
vt 0.56438 0.22165
vt 0.56857 0.22158
vt 0.34706 0.21202
vt 0.34623 0.21202
vt 0.72284 0.16189
vt 0.72997 0.17097
vt 0.75138 0.19748
vt 0.7461 0.19081
vt 0.71767 0.16545
vt 0.72521 0.17446
vt 0.73289 0.20615
vt 0.73922 0.21234
vt 0.78923 0.0736
vt 0.7709 0.04986
vt 0.7673 0.04596
vt 0.76061 0.19862
vt 0.74146 0.22288
vt 0.74603 0.22891
vt 0.77864 0.03118
vt 0.77571 0.02786
vt 0.34539 0.21202
vt 0.47967 0.36623
vt 0.24197 0.82633
vt 0.18669 0.82562
vt 0.46381 0.36677
vt 0.44618 0.19791
vt 0.42103 0.198
vt 0.43406 0.21168
vt 0.44578 0.21164
vt 0.30231 0.25283
vt 0.32846 0.25479
vt 0.32851 0.24469
vt 0.30226 0.24358
vt 0.57922 0.31807
vt 0.41459 0.25485
vt 0.41459 0.2426
vt 0.38299 0.24361
vt 0.38937 0.2549
vt 0.46249 0.38298
vt 0.47835 0.38245
vt 0.68515 0.10517
vt 0.68514 0.17001
vt 0.70515 0.16835
vt 0.70515 0.10351
vt 0.44573 0.2403
vt 0.43402 0.24034
vt 0.42104 0.2549
vt 0.44618 0.25482
vt 0.34537 0.19765
vt 0.78461 0.27979
vt 0.56559 0.40429
vt 0.54394 0.39929
vt 0.55712 0.41669
vt 0.41459 0.20943
vt 0.41459 0.24509
vt 0.42752 0.23045
vt 0.42753 0.22316
vt 0.58769 0.38077
vt 0.59011 0.31868
vt 0.58737 0.38999
vt 0.68515 0.09487
vt 0.7051 0.09322
vt 0.34091 0.24454
vt 0.34094 0.17934
vt 0.32862 0.18016
vt 0.34094 0.2549
vt 0.30223 0.18135
vt 0.40377 0.21945
vt 0.40525 0.22141
vt 0.40378 0.21947
vt 0.40188 0.21814
vt 0.38299 0.20748
vt 0.41459 0.20706
vt 0.41459 0.19771
vt 0.38938 0.19776
vt 0.1927 0.07853
vt 0.18946 0.07862
vt 0.19005 0.11021
vt 0.19637 0.11003
vt 0.27283 0.12181
vt 0.26819 0.1217
vt 0.27419 0.12901
vt 0.27847 0.1217
vt 0.57288 0.11719
vt 0.57812 0.11705
vt 0.57812 0.08687
vt 0.56788 0.08714
vt 0.68906 0.07875
vt 0.68514 0.08278
vt 0.68515 0.08907
vt 0.69308 0.08349
vt 0.31265 0.09682
vt 0.30982 0.09652
vt 0.30967 0.12825
vt 0.31519 0.12884
vt 0.40194 0.23222
vt 0.4039 0.23082
vt 0.40538 0.22874
vt 0.40389 0.23083
vt 0.31505 0.09687
vt 0.31988 0.12894
vt 0.46213 0.23764
vt 0.46249 0.23531
vt 0.46213 0.23765
vt 0.46249 0.2401
vt 0.66605 0.08892
vt 0.66305 0.0889
vt 0.65299 0.1206
vt 0.65885 0.12065
vt 0.46249 0.2449
vt 0.46209 0.24746
vt 0.46249 0.2499
vt 0.46209 0.24747
vt 0.66847 0.08892
vt 0.66357 0.12063
vt 0.69867 0.08274
vt 0.69476 0.09307
vt 0.69867 0.08907
vt 0.22254 0.07677
vt 0.21926 0.07677
vt 0.22139 0.10833
vt 0.22781 0.10832
vt 0.68942 0.09322
vt 0.46848 0.12053
vt 0.47366 0.12049
vt 0.48311 0.08904
vt 0.473 0.08913
vt 0.7025 0.09322
vt 0.69867 0.08276
vt 0.69996 0.08919
vt 0.58911 0.07484
vt 0.58616 0.07888
vt 0.58451 0.08613
vt 0.02944 0.08567
vt 0.03072 0.09215
vt 0.03327 0.09619
vt 0.02944 0.08567
vt 0.20471 0.10644
vt 0.20755 0.11024
vt 0.2029 0.09928
vt 0.2029 0.09928
vt 0.03081 0.07938
vt 0.03327 0.07554
vt 0.20755 0.08795
vt 0.20461 0.09194
vt 0.7025 0.07256
vt 0.70004 0.07643
vt 0.58627 0.0932
vt 0.58911 0.09705
vt 0.28359 0.09071
vt 0.27257 0.09092
vt 0.21474 0.07677
vt 0.21226 0.07677
vt 0.20773 0.10832
vt 0.21257 0.10833
vt 0.18709 0.07863
vt 0.18492 0.07861
vt 0.18117 0.1102
vt 0.18541 0.11024
vt 0.32032 0.09652
vt 0.31741 0.0968
vt 0.32449 0.1288
vt 0.33017 0.12825
vt 0.2169 0.07677
vt 0.21679 0.10833
vt 0.18242 0.07853
vt 0.17629 0.11003
vt 0.45091 0.10392
vt 0.45653 0.10391
vt 0.46004 0.07238
vt 0.44908 0.0724
vt 0.67361 0.08885
vt 0.6708 0.0889
vt 0.66813 0.12059
vt 0.67361 0.12049
vt 0.44624 0.10391
vt 0.43996 0.07238
vt 0.26351 0.09071
vt 0.46309 0.12049
vt 0.46249 0.08904
vt 0.56763 0.11662
vt 0.55764 0.08602
vt 0.59975 0.07685
vt 0.5988 0.07825
vt 0.59974 0.07687
vt 0.60104 0.07585
vt 0.36972 0.14694
vt 0.36834 0.14703
vt 0.37085 0.15749
vt 0.37393 0.15727
vt 0.0159 0.09329
vt 0.01597 0.08929
vt 0.01464 0.08727
vt 0.01309 0.09619
vt 0.59875 0.08307
vt 0.59825 0.08063
vt 0.59011 0.08055
vt 0.59122 0.08598
vt 0.71729 0.21114
vt 0.71685 0.21301
vt 0.71767 0.21684
vt 0.71767 0.21161
vt 0.50983 0.22165
vt 0.51344 0.22109
vt 0.51297 0.20976
vt 0.50494 0.21101
vt 0.60104 0.08557
vt 0.59969 0.08451
vt 0.59971 0.08453
vt 0.70678 0.17056
vt 0.70439 0.17066
vt 0.70391 0.18217
vt 0.70924 0.18196
vt 0.46215 0.22331
vt 0.4624 0.22168
vt 0.46215 0.22334
vt 0.4624 0.225
vt 0.47275 0.16919
vt 0.47645 0.16927
vt 0.47671 0.15971
vt 0.46844 0.15953
vt 0.4624 0.22843
vt 0.46213 0.23016
vt 0.4624 0.23187
vt 0.46213 0.23018
vt 0.70207 0.17038
vt 0.69873 0.18154
vt 0.00635 0.09324
vt 0.00906 0.09617
vt 0.59335 0.08924
vt 0.00923 0.08634
vt 0.00644 0.08919
vt 0.28253 0.12906
vt 0.28029 0.12909
vt 0.28054 0.13934
vt 0.28552 0.13928
vt 0.48463 0.15953
vt 0.49009 0.13755
vt 0.47702 0.13784
vt 0.69588 0.18073
vt 0.68981 0.20342
vt 0.6945 0.20476
vt 0.36568 0.15761
vt 0.36535 0.18056
vt 0.37387 0.18036
vt 0.06886 0.13061
vt 0.07685 0.13173
vt 0.07663 0.11302
vt 0.06346 0.11118
vt 0.28839 0.13916
vt 0.28903 0.16191
vt 0.29376 0.16172
vt 0.18865 0.14631
vt 0.19381 0.14664
vt 0.19399 0.12722
vt 0.18549 0.12668
vt 0.37894 0.18
vt 0.36065 0.15749
vt 0.35706 0.18037
vt 0.59133 0.07523
vt 0.28381 0.12901
vt 0.36602 0.14709
vt 0.00622 0.0785
vt 0 0.08486
vt 0.36376 0.14704
vt 0.70079 0.17001
vt 0.48001 0.16919
vt 0.40125 0.14689
vt 0.40492 0.14674
vt 0.40898 0.13732
vt 0.40081 0.13766
vt 0.01321 0.08634
vt 0.0151 0.0785
vt 0.59345 0.07212
vt 0.36246 0.14694
vt 0.35776 0.15727
vt 0.27794 0.12906
vt 0.27655 0.12901
vt 0.27219 0.13916
vt 0.27531 0.13928
vt 0.51719 0.22139
vt 0.52135 0.21042
vt 0.39767 0.14674
vt 0.39282 0.13732
vt 0.70815 0.17029
vt 0.71229 0.18134
vt 0.09027 0.11118
vt 0.09432 0.09619
vt 0.07833 0.09834
vt 0.40022 0.11623
vt 0.41368 0.11567
vt 0.41423 0.09911
vt 0.39845 0.09977
vt 0.49379 0.12053
vt 0.47846 0.12088
vt 0.68514 0.21977
vt 0.69064 0.22135
vt 0.36672 0.1977
vt 0.37671 0.19745
vt 0.06288 0.09619
vt 0.28928 0.17921
vt 0.29482 0.17899
vt 0.19228 0.11206
vt 0.1823 0.11143
vt 0.08512 0.13061
vt 0.19885 0.14629
vt 0.20181 0.1457
vt 0.20717 0.12567
vt 0.2023 0.12666
vt 0.3523 0.18
vt 0.26707 0.16172
vt 0.2722 0.16191
vt 0.28082 0.16202
vt 0.52592 0.18728
vt 0.51212 0.18619
vt 0.38705 0.11567
vt 0.70303 0.20579
vt 0.71182 0.20544
vt 0.71685 0.20443
vt 0.18554 0.1457
vt 0.18036 0.12567
vt 0.4634 0.13755
vt 0.49888 0.18825
vt 0.06288 0.09619
vt 0.05644 0.07991
vt 0.0587 0.09012
vt 0.58451 0.06395
vt 0.58033 0.07024
vt 0.57812 0.08073
vt 0.01597 0.07968
vt 0.01822 0.09008
vt 0.02242 0.09619
vt 0.19884 0.10436
vt 0.2029 0.11024
vt 0.19637 0.09377
vt 0.19637 0.09377
vt 0.01835 0.06967
vt 0.02242 0.06384
vt 0.2029 0.07683
vt 0.19873 0.08296
vt 0.06288 0.06384
vt 0.0588 0.06972
vt 0.58044 0.09101
vt 0.58451 0.09705
vt 0.20773 0.11024
vt 0.20202 0.1114
vt 0.35141 0.19704
vt 0.357 0.19746
vt 0.26351 0.17899
vt 0.26953 0.17921
vt 0.27964 0.17934
vt 0.52592 0.17055
vt 0.50973 0.16927
vt 0.38299 0.09911
vt 0.70064 0.22255
vt 0.71095 0.22214
vt 0.71685 0.22096
vt 0.17629 0.11024
vt 0.46249 0.12053
vt 0.49421 0.17169
vt 0.38266 0.19704
vt 0.04017 0.18306
vt 0.04711 0.20221
vt 0.05111 0.20196
vt 0.0511 0.18306
vt 0.04711 0.20995
vt 0.05111 0.20984
vt 0.26223 0.1977
vt 0.26351 0.14329
vt 0.37448 0.07228
vt 0.36956 0.08024
vt 0.37156 0.08371
vt 0.38286 0.07169
vt 0.99663 0.97483
vt 0.99878 0.95357
vt 0.96264 0.95349
vt 0.96454 0.97629
vt 0.39511 0.69917
vt 0.40006 0.70209
vt 0.40114 0.65425
vt 0.39798 0.65111
vt 0.61182 0.3683
vt 0.61235 0.38515
vt 0.616 0.38613
vt 0.62421 0.36807
vt 0.68996 0.39519
vt 0.68499 0.37393
vt 0.24948 0.2549
vt 0.25265 0.24287
vt 0.63241 0.27625
vt 0.6273 0.33475
vt 0.67693 0.33948
vt 0.65652 0.28054
vt 0.61919 0.27821
vt 0.61388 0.33311
vt 0.69726 0.33388
vt 0.67687 0.28016
vt 0.55692 0.08549
vt 0.54598 0.08712
vt 0.62599 0.35263
vt 0.68096 0.3567
vt 0.61227 0.35402
vt 0.71767 0.36794
vt 0.70921 0.34476
vt 0.96608 1
vt 0.3678 0.08039
vt 0.36592 0.08238
vt 0.64766 0.23515
vt 0.64496 0.22269
vt 0.64318 0.22255
vt 0.63902 0.23535
vt 0.65654 0.23467
vt 0.6469 0.22259
vt 0.66285 0.24725
vt 0.64893 0.24756
vt 0.63634 0.24804
vt 0.25518 0.23034
vt 0.62366 0.25615
vt 0.63103 0.24053
vt 0.595 0.89857
vt 0.59543 0.90368
vt 0.61129 0.90419
vt 0.61087 0.89909
vt 0.28884 0.84991
vt 0.32355 0.75472
vt 0.68544 0.84268
vt 0.70435 0.84368
vt 0.70396 0.83476
vt 0.68509 0.83375
vt 0.60995 0.94373
vt 0.65751 0.92847
vt 0.68811 0.91107
vt 0.26669 0.91011
vt 0.26844 0.90534
vt 0.68783 0.90383
vt 0.65087 0.10215
vt 0.65029 0.11988
vt 0.23331 1
vt 0.25278 0.94803
vt 0.59378 0.94404
vt 0.61053 1
vt 0.61219 0.99997
vt 0.89612 0.2547
vt 0.89822 0.27816
vt 0.90748 0.2677
vt 0.90748 0.24245
vt 0.58623 0.18081
vt 0.58831 0.16224
vt 0.89332 0.08503
vt 0.90111 0.24431
vt 0.90748 0.237
vt 0.90748 0.06484
vt 0.33017 0.1203
vt 0.33017 0.12894
vt 0.61015 0.11976
vt 0.60996 0.12761
vt 0.89081 0.08404
vt 0.90748 0.06306
vt 0.6837 0.12065
vt 0.68379 0.08777
vt 0.99956 0.69003
vt 0.99968 0.64947
vt 0.95954 0.65165
vt 0.95995 0.69191
vt 0.8875 0.07318
vt 0.88369 0.08733
vt 0.90748 0.05902
vt 0.90748 0.05372
vt 0.58574 0.22165
vt 0.33855 0.71352
vt 0.35286 0.67419
vt 0.61361 0.65289
vt 0.61201 0.69474
vt 0.6861 0.69776
vt 0.68662 0.65741
vt 0.88498 0.09019
vt 0.90748 0.06164
vt 0.60722 0.07928
vt 0.60104 0.07909
vt 0.85272 0.37005
vt 0.847 0.37094
vt 0.7863 0.44032
vt 0.79836 0.43657
vt 0.61006 0.16557
vt 0.91433 0.26282
vt 0.91796 0.18585
vt 0.91034 0.18569
vt 0.90784 0.26187
vt 0.85105 0.14529
vt 0.82537 0.18978
vt 0.86238 0.29075
vt 0.88207 0.2661
vt 0.44791 0.86309
vt 0.46249 0.87579
vt 0.43289 0.7909
vt 0.42299 0.78278
vt 0.33412 0.08189
vt 0.84086 0.14702
vt 0.81797 0.17611
vt 0.61913 0.50604
vt 0.68846 0.51298
vt 0.61936 0.59989
vt 0.68727 0.60602
vt 0.40385 0.53639
vt 0.44597 0.42339
vt 0.39885 0.65233
vt 0.40179 0.6553
vt 0.42329 0.55373
vt 0.42143 0.55207
vt 0.37103 0.62429
vt 0.99913 0.83518
vt 0.96144 0.83598
vt 0.43823 0.47038
vt 0.43897 0.46588
vt 0.99941 0.74167
vt 0.96048 0.74317
vt 0.13674 0.21139
vt 0.13703 0.20679
vt 0.13923 0.12316
vt 0.13695 0.12435
vt 0.60944 0.4326
vt 0.60405 0.51708
vt 0.60905 0.51781
vt 0.61343 0.43418
vt 0.4912 0.08809
vt 0.49156 0.12053
vt 0.60972 0.42805
vt 0.61368 0.42958
vt 0.3411 0.03878
vt 0.34113 0.03988
vt 0.13923 0.01965
vt 0.13568 0.0218
vt 0.34105 0.03677
vt 0.46004 0.11059
vt 0.46004 0.10642
vt 0.45298 0.10392
vt 0.45233 0.10784
vt 0.34094 0.03267
vt 0.6006 0.621
vt 0.60812 0.62132
vt 0.34474 0.17399
vt 0.34485 0.17818
vt 0.34117 0.04125
vt 0.99981 0.60698
vt 0.95911 0.60948
vt 0.61034 0.73858
vt 0.68556 0.74004
vt 0.23003 0.14699
vt 0.17629 0.14664
vt 0.62109 0.16557
vt 0.61944 0.16549
vt 0.43952 0.91647
vt 0.45718 0.92427
vt 0.72952 0.50834
vt 0.74752 0.50207
vt 0.91621 0.11173
vt 0.90748 0.11154
vt 0.7025 0.09322
vt 0.70533 0.09309
vt 0.46048 0.29371
vt 0.45812 0.2767
vt 0.46249 0.31721
vt 0.4535 0.25599
vt 0.86656 0.32434
vt 0.86243 0.32609
vt 0.44732 0.40636
vt 0.44988 0.39228
vt 0.91519 0.30937
vt 0.90769 0.30827
vt 0.27279 0.89025
vt 0.37053 0.93336
vt 0.38655 0.89307
vt 0.71767 0.55528
vt 0.73687 0.55475
vt 0.455 0.37205
vt 0.36592 0.06005
vt 0.36592 0.05579
vt 0.35857 0.05637
vt 0.35782 0.06081
vt 0.91707 0.06344
vt 0.91141 0.06331
vt 0.36592 0.09639
vt 0.36592 0.07282
vt 0.35556 0.07416
vt 0.35141 0.09878
vt 0.90112 0.44856
vt 0.80152 0.48326
vt 0.79446 0.55318
vt 0.90071 0.55028
vt 0.91796 0.02024
vt 0.91472 0.02026
vt 0.90177 0.30937
vt 0.87894 0.31908
vt 0.86987 0.3674
vt 0.90152 0.36251
vt 0.39331 0.75843
vt 0.38026 0.69039
vt 0.90132 0.40454
vt 0.83456 0.42531
vt 0.4042 0.82499
vt 0.38851 0.64168
vt 0.42351 0.95672
vt 0.41464 0.97943
vt 0.43354 0.98328
vt 0.44117 0.9645
vt 0.51484 0.08224
vt 0.51718 0.12026
vt 0.51983 0.12014
vt 0.52294 0.08224
vt 0.44618 0.14998
vt 0.44662 0.19356
vt 0.45951 0.19366
vt 0.46202 0.14998
vt 0.80296 0.55639
vt 0.83595 0.55387
vt 0.75607 0.55423
vt 0.75713 0.5976
vt 0.79552 0.59664
vt 0.30967 0.0731
vt 0.30967 0.05306
vt 0.30829 0.05288
vt 0.30778 0.07286
vt 0.91677 2E-05
vt 0.91538 0
vt 0.75742 0.62628
vt 0.79543 0.63358
vt 0.64221 0.08278
vt 0.64506 0.11988
vt 0.6485 0.11969
vt 0.65029 0.08278
vt 0.71685 0.17001
vt 0.71685 0.05979
vt 0.7142 0.05937
vt 0.71261 0.16927
vt 0.79645 0.63467
vt 0.90094 0.65469
vt 0.90177 0.59375
vt 0.25256 0.94791
vt 0.35655 0.96879
vt 0.45148 0.25479
vt 0.45567 0.2549
vt 0.81784 0.17539
vt 0.84104 0.14663
vt 0.84632 0.14
vt 0.82495 0.16636
vt 0.81268 0.17181
vt 0.8202 0.16286
vt 0.82787 0.13127
vt 0.83419 0.12512
vt 0.86221 0.29126
vt 0.8658 0.28739
vt 0.88409 0.26379
vt 0.85552 0.13891
vt 0.83634 0.11468
vt 0.8409 0.10868
vt 0.8706 0.30937
vt 0.87352 0.30607
vt 0.60731 0.85601
vt 0.28328 0.86502
vt 0.59144 0.85549
vt 0.6217 0.22255
vt 0.62127 0.2088
vt 0.60956 0.20876
vt 0.59655 0.22247
vt 0.26359 0.18141
vt 0.26354 0.19065
vt 0.28981 0.18954
vt 0.28975 0.17944
vt 0.70676 0.90483
vt 0.38299 0.19774
vt 0.35778 0.1977
vt 0.35141 0.20899
vt 0.38299 0.21
vt 0.59011 0.83934
vt 0.60597 0.83986
vt 0.59012 0.15435
vt 0.60996 0.15523
vt 0.60996 0.09013
vt 0.59011 0.08924
vt 0.62123 0.18014
vt 0.6217 0.16565
vt 0.59656 0.16557
vt 0.60951 0.1801
vt 0.87942 0.05809
vt 0.69328 0.81758
vt 0.68472 0.80576
vt 0.67155 0.82308
vt 0.59011 0.21104
vt 0.60303 0.19728
vt 0.60302 0.18999
vt 0.59011 0.17538
vt 0.71767 0.90408
vt 0.71521 0.84225
vt 0.71488 0.83306
vt 0.59013 0.16469
vt 0.60992 0.16557
vt 0.3022 0.18969
vt 0.28991 0.25408
vt 0.30223 0.2549
vt 0.30223 0.17934
vt 0.26351 0.25289
vt 0.37217 0.23315
vt 0.37029 0.23446
vt 0.37219 0.23314
vt 0.37365 0.23119
vt 0.35141 0.24513
vt 0.35779 0.25485
vt 0.38299 0.2549
vt 0.38299 0.24555
vt 0.41825 0.07868
vt 0.41459 0.11018
vt 0.4209 0.11036
vt 0.42149 0.07877
vt 0.21853 0.13943
vt 0.21288 0.13933
vt 0.21718 0.14664
vt 0.22317 0.13933
vt 0.63698 0.08846
vt 0.63201 0.11909
vt 0.64221 0.11924
vt 0.64221 0.08854
vt 0.08471 0.09619
vt 0.08877 0.09142
vt 0.0808 0.08587
vt 0.08079 0.09216
vt 0.54279 0.08872
vt 0.54042 0.12066
vt 0.54598 0.12027
vt 0.54564 0.08852
vt 0.37035 0.22038
vt 0.3723 0.22177
vt 0.37379 0.22386
vt 0.37231 0.22178
vt 0.54038 0.08876
vt 0.53572 0.12073
vt 0.46213 0.24257
vt 0.46213 0.24255
vt 0.46249 0.2449
vt 0.29115 0.09693
vt 0.29833 0.12897
vt 0.30423 0.1287
vt 0.29416 0.09679
vt 0.46249 0.2549
vt 0.46209 0.25232
vt 0.46249 0.2499
vt 0.46209 0.25234
vt 0.28872 0.09695
vt 0.2936 0.12901
vt 0.09432 0.09219
vt 0.09432 0.08587
vt 0.09041 0.08186
vt 0.23529 0.07533
vt 0.23003 0.10688
vt 0.23646 0.10689
vt 0.23858 0.07533
vt 0.08508 0.08172
vt 0.50876 0.12026
vt 0.50428 0.08922
vt 0.49421 0.0889
vt 0.5036 0.1201
vt 0.0371 0.07554
vt 0.03456 0.07956
vt 0.03327 0.08599
vt 0.03327 0.08599
vt 0.41407 0.09911
vt 0.40946 0.08782
vt 0.40946 0.08782
vt 0.41112 0.09507
vt 0.32567 0.08638
vt 0.32567 0.08638
vt 0.32951 0.07586
vt 0.32696 0.0799
vt 0.43649 0.0919
vt 0.43468 0.09906
vt 0.43468 0.09906
vt 0.43933 0.08809
vt 0.32705 0.09267
vt 0.32951 0.09652
vt 0.43638 0.1064
vt 0.43933 0.11039
vt 0.03464 0.09233
vt 0.0371 0.09619
vt 0.41407 0.07689
vt 0.41122 0.08075
vt 0.21874 0.10854
vt 0.20773 0.10833
vt 0.2431 0.07533
vt 0.24527 0.10689
vt 0.25011 0.10688
vt 0.24558 0.07533
vt 0.42386 0.07878
vt 0.42554 0.11039
vt 0.42978 0.11035
vt 0.42603 0.07876
vt 0.53513 0.08852
vt 0.52546 0.12027
vt 0.53112 0.12064
vt 0.53802 0.08871
vt 0.24094 0.07533
vt 0.24106 0.10689
vt 0.43468 0.11018
vt 0.42854 0.07868
vt 0.39213 0.09911
vt 0.39396 0.06759
vt 0.38299 0.06758
vt 0.38651 0.0991
vt 0.2836 0.09679
vt 0.28359 0.1287
vt 0.28904 0.12894
vt 0.28639 0.09692
vt 0.3968 0.0991
vt 0.40308 0.06758
vt 0.22782 0.10833
vt 0.51417 0.1201
vt 0.51484 0.0889
vt 0.63171 0.08887
vt 0.6217 0.11988
vt 0.27315 0.08596
vt 0.27445 0.08695
vt 0.27314 0.08594
vt 0.27221 0.08456
vt 0.63469 0.11988
vt 0.63042 0.13004
vt 0.63345 0.13015
vt 0.63605 0.11993
vt 0.30974 0.09362
vt 0.31255 0.09652
vt 0.311 0.08759
vt 0.30967 0.08961
vt 0.27215 0.07974
vt 0.26462 0.07685
vt 0.26351 0.08228
vt 0.27166 0.08218
vt 0.71728 0.22255
vt 0.71767 0.22208
vt 0.71767 0.21684
vt 0.71685 0.22068
vt 0.54156 0.16927
vt 0.53666 0.17991
vt 0.54469 0.18117
vt 0.54516 0.16984
vt 0.27445 0.07724
vt 0.27311 0.07828
vt 0.2731 0.07829
vt 0.64333 0.22201
vt 0.6458 0.21061
vt 0.64047 0.2104
vt 0.64094 0.22191
vt 0.46215 0.22005
vt 0.4624 0.21836
vt 0.46215 0.22003
vt 0.4624 0.22168
vt 0.37282 0.14678
vt 0.37699 0.13737
vt 0.36866 0.13771
vt 0.36908 0.14694
vt 0.4624 0.23531
vt 0.46213 0.23356
vt 0.4624 0.23187
vt 0.46213 0.23358
vt 0.63529 0.21102
vt 0.63861 0.22219
vt 0.31657 0.0965
vt 0.31928 0.09356
vt 0.26676 0.07359
vt 0.31919 0.08952
vt 0.3164 0.08666
vt 0.427 0.14688
vt 0.42392 0.15733
vt 0.42887 0.15746
vt 0.42923 0.14694
vt 0.36811 0.11627
vt 0.35517 0.11571
vt 0.36081 0.13737
vt 0.63108 0.1878
vt 0.62638 0.18914
vt 0.63244 0.21183
vt 0.63037 0.15278
vt 0.63886 0.15289
vt 0.6386 0.13022
vt 0.02553 0.13061
vt 0.03088 0.11118
vt 0.0177 0.11302
vt 0.01753 0.13173
vt 0.4211 0.15712
vt 0.41569 0.17985
vt 0.42034 0.1802
vt 0.24913 0.14296
vt 0.25228 0.12333
vt 0.24377 0.12387
vt 0.24396 0.14329
vt 0.62537 0.15259
vt 0.6472 0.15279
vt 0.64366 0.13015
vt 0.26473 0.08759
vt 0.42574 0.14679
vt 0.63836 0.11996
vt 0.32567 0.0852
vt 0.31945 0.07883
vt 0.64063 0.11993
vt 0.63733 0.22255
vt 0.36556 0.14678
vt 0.53894 0.16927
vt 0.5392 0.15971
vt 0.53109 0.15953
vt 0.5353 0.16919
vt 0.31058 0.07883
vt 0.31242 0.08666
vt 0.26685 0.09071
vt 0.6466 0.13004
vt 0.64195 0.11988
vt 0.43158 0.14688
vt 0.43413 0.15734
vt 0.43728 0.15712
vt 0.433 0.14679
vt 0.55307 0.18051
vt 0.54892 0.16954
vt 0.54256 0.16919
vt 0.54727 0.15953
vt 0.64469 0.22228
vt 0.64885 0.21123
vt 0.01598 0.09834
vt 0 0.09619
vt 0.00408 0.11118
vt 0.53954 0.13785
vt 0.54113 0.12108
vt 0.52546 0.12073
vt 0.52618 0.13755
vt 0.36658 0.09944
vt 0.35141 0.09878
vt 0.62722 0.17121
vt 0.6217 0.17278
vt 0.62756 0.16988
vt 0.63753 0.17001
vt 0.03144 0.09619
vt 0.41459 0.19726
vt 0.42004 0.19767
vt 0.25546 0.10808
vt 0.24548 0.10871
vt 0.00926 0.13061
vt 0.23892 0.14295
vt 0.23546 0.12331
vt 0.2306 0.12232
vt 0.23597 0.14235
vt 0.65204 0.15259
vt 0.43716 0.18022
vt 0.44236 0.17985
vt 0.4285 0.18041
vt 0.54383 0.20474
vt 0.55764 0.20365
vt 0.55284 0.13755
vt 0.6484 0.18713
vt 0.63962 0.18677
vt 0.65342 0.18815
vt 0.25224 0.14235
vt 0.2574 0.12232
vt 0.38183 0.11571
vt 0.5306 0.20267
vt 0.05644 0.06384
vt 0.05226 0.06991
vt 0.04999 0.08012
vt 0.40946 0.09911
vt 0.40308 0.08234
vt 0.40308 0.08234
vt 0.40528 0.09282
vt 0.02242 0.08034
vt 0.02886 0.06384
vt 0.02466 0.06995
vt 0.25258 0.07937
vt 0.25011 0.08996
vt 0.25011 0.08996
vt 0.25664 0.07348
vt 0.02479 0.09036
vt 0.02886 0.09619
vt 0.25247 0.10077
vt 0.25664 0.10689
vt 0.05235 0.09032
vt 0.05644 0.09619
vt 0.40946 0.06601
vt 0.40539 0.07205
vt 0.23574 0.10805
vt 0.23003 0.10689
vt 0.6473 0.16989
vt 0.65299 0.16966
vt 0.43977 0.19768
vt 0.44588 0.19726
vt 0.42962 0.19791
vt 0.54145 0.22165
vt 0.55764 0.22038
vt 0.55674 0.12073
vt 0.64753 0.17043
vt 0.63723 0.17001
vt 0.65342 0.17162
vt 0.26147 0.10689
vt 0.38267 0.09878
vt 0.52592 0.21923
vt 0.6217 0.16966
vt 0.06204 0.18306
vt 0.0551 0.20221
vt 0.05511 0.20995
vt 0.46204 0.22358
vt 0.46215 0.225
vt 0.46204 0.2236
vt 0.46215 0.2225
vt 0.328 0.12894
vt 0.32663 0.12901
vt 0.32918 0.13933
vt 0.33224 0.13917
vt 0.07187 0.07839
vt 0.06917 0.08121
vt 0.0688 0.08365
vt 0.07581 0.07836
vt 0.46471 0.07692
vt 0.46471 0.0794
vt 0.47261 0.08152
vt 0.47261 0.07598
vt 0.71729 0.20545
vt 0.71685 0.20731
vt 0.71767 0.21114
vt 0.71767 0.20591
vt 0.47809 0.22165
vt 0.4817 0.22109
vt 0.48125 0.20976
vt 0.47321 0.21101
vt 0.46297 0.07397
vt 0.46408 0.0753
vt 0.46406 0.07528
vt 0.67505 0.17056
vt 0.67266 0.17065
vt 0.67219 0.18217
vt 0.67752 0.18195
vt 0.58978 0.21996
vt 0.59003 0.21832
vt 0.58978 0.21998
vt 0.59003 0.22165
vt 0.66711 0.15968
vt 0.65882 0.1594
vt 0.4624 0.225
vt 0.46213 0.22672
vt 0.4624 0.22843
vt 0.46213 0.22675
vt 0.67034 0.17038
vt 0.66701 0.18154
vt 0.07869 0.0854
vt 0.07869 0.08131
vt 0.47117 0.07233
vt 0.07205 0.08825
vt 0.07595 0.08824
vt 0.40194 0.14697
vt 0.39971 0.14701
vt 0.40001 0.15743
vt 0.40498 0.15733
vt 0.675 0.1594
vt 0.68054 0.13761
vt 0.66754 0.13807
vt 0.66416 0.18073
vt 0.6581 0.20342
vt 0.66279 0.20476
vt 0.32402 0.13942
vt 0.32371 0.16221
vt 0.33222 0.16206
vt 0.03739 0.13061
vt 0.04538 0.13173
vt 0.04519 0.11302
vt 0.03201 0.11118
vt 0.40783 0.15715
vt 0.40853 0.18011
vt 0.41322 0.17982
vt 0.42699 0.14646
vt 0.43215 0.14679
vt 0.4323 0.12737
vt 0.4238 0.12683
vt 0.33725 0.1618
vt 0.31897 0.13933
vt 0.3154 0.16207
vt 0.46369 0.08161
vt 0.47035 0.08645
vt 0.40322 0.14689
vt 0.32431 0.12905
vt 0.06926 0.09619
vt 0.07795 0.09616
vt 0.32205 0.12902
vt 0.66906 0.17001
vt 0.52001 0.15883
vt 0.51187 0.15908
vt 0.06919 0.08535
vt 0.06288 0.08971
vt 0.46249 0.08277
vt 0.46766 0.08904
vt 0.32074 0.12894
vt 0.31606 0.13917
vt 0.39736 0.14697
vt 0.39595 0.14689
vt 0.39163 0.15715
vt 0.39477 0.15733
vt 0.48545 0.22139
vt 0.48962 0.21043
vt 0.50384 0.15883
vt 0.67642 0.17028
vt 0.68057 0.18134
vt 0.05882 0.11118
vt 0.06288 0.09619
vt 0.04689 0.09834
vt 0.51142 0.13738
vt 0.52483 0.13698
vt 0.52546 0.12026
vt 0.50973 0.12073
vt 0.68428 0.12065
vt 0.66903 0.12118
vt 0.65342 0.21978
vt 0.65893 0.22135
vt 0.32505 0.17934
vt 0.33503 0.17916
vt 0.03144 0.09619
vt 0.4088 0.19751
vt 0.4143 0.19718
vt 0.43056 0.11221
vt 0.42058 0.11158
vt 0.05365 0.13061
vt 0.4372 0.14644
vt 0.44016 0.14584
vt 0.44549 0.12582
vt 0.44061 0.1268
vt 0.31059 0.1618
vt 0.38653 0.17982
vt 0.3917 0.18012
vt 0.40034 0.18028
vt 0.49421 0.18729
vt 0.48042 0.18619
vt 0.49818 0.13698
vt 0.67132 0.20579
vt 0.68011 0.20544
vt 0.68514 0.20442
vt 0.42389 0.14584
vt 0.41868 0.12582
vt 0.65387 0.13761
vt 0.46717 0.18825
vt 0.04354 0.09619
vt 0.0371 0.07994
vt 0.03937 0.09015
vt 0.30365 0.0637
vt 0.29947 0.06997
vt 0.29726 0.08044
vt 0.29726 0.08044
vt 0.04354 0.07972
vt 0.04579 0.0901
vt 0.04999 0.09619
vt 0.25911 0.10099
vt 0.26317 0.10689
vt 0.25664 0.09039
vt 0.04592 0.06969
vt 0.04999 0.06384
vt 0.26317 0.07349
vt 0.259 0.07959
vt 0.04354 0.06384
vt 0.03946 0.06974
vt 0.29958 0.09073
vt 0.30365 0.09679
vt 0.44603 0.11039
vt 0.44031 0.11155
vt 0.30967 0.17886
vt 0.3153 0.17917
vt 0.38299 0.19718
vt 0.38905 0.19752
vt 0.39919 0.19771
vt 0.49421 0.17056
vt 0.47803 0.16927
vt 0.49421 0.12026
vt 0.66893 0.22255
vt 0.67924 0.22214
vt 0.68514 0.22095
vt 0.41459 0.11039
vt 0.65299 0.12065
vt 0.46249 0.17168
vt 0.34094 0.17886
vt 0.73793 0.71131
vt 0.73842 0.68676
vt 0.90519 0.44737
vt 0.90177 0.44775
vt 0.90279 0.48769
vt 0.90519 0.4874
vt 0.05637 0.75957
vt 0.04243 0.80068
vt 0.03285 0.82755
vt 0.0657 0.84868
vt 0.57913 0.15276
vt 0.58799 0.15371
vt 0.76552 0.81358
vt 0.85844 0.94021
vt 0.87069 0.98679
vt 0.21576 0.6251
vt 0.14861 0.66677
vt 0.81043 0.87657
vt 0.08519 0.70837
vt 0.24321 0.58612
vt 0.73793 0.59807
vt 0.73842 0.62263
vt 0.30967 0.1332
vt 0.30967 0.09313
vt 0.30727 0.09285
vt 0.30625 0.13282
vt 0.40585 0.94893
vt 0.42186 0.90867
vt 0.35793 0.9679
vt 0.39574 0.97559
vt 0.36592 0.06431
vt 0.35707 0.06526
vt 0.76552 0.4958
vt 0.87068 0.32259
vt 0.85844 0.36917
vt 0.4131 0.77467
vt 0.39016 0.69624
vt 0.81043 0.43281
vt 0.43334 0.85039
vt 0.39483 0.64797
vt 0.71873 0.59855
vt 0.71941 0.61898
vt 0.71873 0.71083
vt 0.71942 0.69041
vt 0.2958 0.13824
vt 0.15254 0.13901
vt 0.13923 0.23241
vt 0.17104 0.01965
vt 0.46004 0.14998
vt 0.44618 0.14492
vt 0.11547 0.13554
vt 0.10216 0.04214
vt 0.13398 0.2549
vt 0.80385 0.59297
vt 0.83684 0.59046
vt 0.80954 0.7505
vt 0.8103 0.71925
vt 0.94924 0.95641
vt 0.94048 0.95641
vt 0.28549 0.09679
vt 0.29726 0.09679
vt 0.29565 0.0939
vt 0.28686 0.0939
vt 0.29565 0.07688
vt 0.28545 0.07688
vt 0.29726 0.07399
vt 0.28359 0.07399
vt 0.94331 0.54403
vt 0.95087 0.52995
vt 0.68094 0.11345
vt 0.67402 0.12033
vt 0.68094 0.12065
vt 0.67361 0.07634
vt 0.68094 0.08611
vt 0.68094 0.07668
vt 0.00198 0.21692
vt 0.02124 0.21618
vt 0.00191 0.18306
vt 0.04153 0.25127
vt 0.04382 0.2549
vt 0.04371 0.2535
vt 0.58404 0.09705
vt 0.57812 0.10339
vt 0.58405 0.11719
vt 0.57881 0.09705
vt 0.02184 0.15398
vt 0 0.13173
vt 0.02093 0.15533
vt 0.02041 0.15766
vt 0.02097 0.16006
vt 0.02198 0.16149
vt 0.79074 0.28787
vt 0.8084 0.28884
vt 0.91207 0.52762
vt 0.90177 0.54092
vt 0.93312 0.52918
vt 0.80792 0.30937
vt 0.79154 0.30365
vt 0.7995 0.2991
vt 0.39879 0.21742
vt 0.39567 0.21814
vt 0.39373 0.21951
vt 0.40619 0.22502
vt 0.39223 0.22158
vt 0.3914 0.22536
vt 0.39236 0.22901
vt 0.39385 0.23095
vt 0.39879 0.23295
vt 0.39572 0.23224
vt 0.02924 0.15391
vt 0.05108 0.13173
vt 0.0302 0.15529
vt 0.03074 0.15766
vt 0.0302 0.16003
vt 0.02924 0.16141
vt 0.02336 0.16248
vt 0.02568 0.16299
vt 0.02794 0.1624
vt 0.02315 0.15296
vt 0.02547 0.15233
vt 0.02786 0.15288
vt 0.05112 0.2549
vt 0.95843 0.54403
vt 0.10165 0.12196
vt 0.09432 0.13173
vt 0.10165 0.13139
vt 0.09473 0.08771
vt 0.10165 0.09459
vt 0.10165 0.08739
vt 0.08098 0.21618
vt 0.10029 0.21692
vt 0.10029 0.18306
vt 0.06072 0.25127
vt 0.05841 0.2549
vt 0.05854 0.2535
vt 0.58996 0.10339
vt 0.58928 0.09705
vt 0.08034 0.15398
vt 0.10216 0.13173
vt 0.08125 0.15533
vt 0.08177 0.15766
vt 0.08122 0.16006
vt 0.0802 0.16149
vt 0.88553 0.05005
vt 0.90319 0.04912
vt 0.96864 0.52918
vt 0.98969 0.52762
vt 1 0.54092
vt 0.90267 0.02868
vt 0.89456 0.03864
vt 0.88594 0.03465
vt 0.3672 0.23518
vt 0.36408 0.23446
vt 0.36214 0.23309
vt 0.37459 0.22758
vt 0.36064 0.23102
vt 0.35981 0.22725
vt 0.36077 0.22359
vt 0.36226 0.22165
vt 0.3672 0.21965
vt 0.36413 0.22036
vt 0.07294 0.15391
vt 0.07198 0.15529
vt 0.07145 0.15766
vt 0.07198 0.16003
vt 0.07294 0.16141
vt 0.07425 0.1624
vt 0.07651 0.16299
vt 0.07883 0.16248
vt 0.07432 0.15288
vt 0.0767 0.15233
vt 0.07903 0.15296
usemtl mat0
f 1/1/1 2/2/1 3/3/1
f 3/3/2 2/2/2 4/4/2
f 5/5/3 6/6/3 7/7/3
f 8/8/4 9/9/4 10/10/4
f 11/11/5 12/12/5 13/13/5
f 10/10/6 14/14/6 8/8/6
f 15/15/7 16/16/7 17/17/7
f 18/15/8 19/18/8 20/19/8
f 21/20/9 22/21/9 23/22/9
f 24/23/10 25/24/10 26/25/10
f 27/26/11 28/27/11 29/28/11
f 29/28/12 28/27/12 30/29/12
f 28/27/13 31/30/13 30/29/13
f 24/23/14 32/31/14 26/25/14
f 9/9/15 33/32/15 8/8/15
f 30/29/16 34/33/16 29/28/16
f 30/29/17 31/30/17 35/34/17
f 34/33/18 27/26/18 29/28/18
f 36/35/19 37/36/19 38/37/19
f 36/35/19 38/37/19 39/38/19
f 40/39/20 41/40/20 42/41/21
f 40/39/20 42/41/21 43/42/21
f 44/43/22 45/44/23 46/45/23
f 44/43/22 46/45/23 47/46/24
f 48/47/25 49/48/25 50/49/25
f 48/47/25 50/49/25 51/50/26
f 52/51/27 53/52/27 54/53/27
f 52/51/27 54/53/27 55/54/27
f 53/52/28 56/55/29 57/56/29
f 53/52/28 57/56/29 54/53/28
f 58/57/30 59/58/30 60/59/30
f 58/57/30 60/59/30 61/60/30
f 62/61/31 63/62/31 64/63/31
f 62/61/31 64/63/31 65/64/31
f 66/65/32 62/61/32 65/64/32
f 66/65/32 65/64/32 67/66/32
f 63/62/33 68/67/33 69/68/33
f 63/62/33 69/68/33 64/63/34
f 70/69/35 71/70/35 72/71/35
f 70/69/35 72/71/35 73/72/35
f 45/44/36 74/73/36 75/74/36
f 45/44/36 75/74/36 76/75/36
f 77/76/37 78/77/37 56/55/37
f 77/76/37 56/55/37 53/52/37
f 79/78/38 77/76/38 53/52/38
f 79/78/38 53/52/38 52/51/38
f 78/77/39 80/79/39 81/80/39
f 78/77/39 81/80/39 56/55/39
f 64/63/40 69/68/41 80/79/42
f 64/63/40 80/79/42 78/77/42
f 67/66/43 65/64/44 77/76/43
f 67/66/43 77/76/43 79/78/43
f 65/64/45 64/63/46 78/77/47
f 65/64/45 78/77/47 77/76/45
f 74/73/48 45/44/48 82/81/48
f 74/73/48 82/81/48 83/82/48
f 84/83/49 85/84/49 86/85/49
f 84/83/49 86/85/49 87/86/49
f 88/87/50 89/88/50 43/42/50
f 88/87/50 43/42/50 42/41/50
f 89/88/51 84/83/51 87/86/51
f 89/88/51 87/86/51 43/42/51
f 90/89/52 91/90/53 92/91/52
f 90/89/52 92/91/52 93/92/52
f 94/93/54 90/89/54 93/92/54
f 94/93/54 93/92/54 95/94/54
f 68/67/55 63/62/55 96/95/55
f 68/67/55 96/95/55 97/96/55
f 63/62/56 62/61/56 98/97/56
f 63/62/56 98/97/56 96/95/56
f 39/38/57 38/37/57 99/98/57
f 39/38/57 99/98/57 100/99/57
f 62/61/58 66/65/58 101/100/58
f 62/61/58 101/100/58 98/97/58
f 97/96/59 96/95/59 90/89/60
f 97/96/59 90/89/60 94/93/60
f 96/95/61 98/97/62 91/90/62
f 96/95/61 91/90/62 90/89/62
f 100/99/63 99/98/63 59/58/63
f 100/99/63 59/58/63 58/57/63
f 98/97/64 101/100/64 102/101/64
f 98/97/64 102/101/64 91/90/64
f 103/102/65 104/103/65 105/104/65
f 103/102/65 105/104/65 106/105/65
f 107/106/66 108/107/67 109/108/68
f 107/106/66 109/108/68 110/109/67
f 111/110/69 112/111/69 113/112/69
f 111/110/69 113/112/69 114/113/69
f 105/104/70 115/114/71 116/115/70
f 105/104/70 116/115/70 117/116/70
f 118/117/72 119/118/73 120/119/73
f 118/117/72 120/119/73 121/120/72
f 104/103/74 122/121/74 115/114/74
f 104/103/75 115/114/75 105/104/75
f 123/122/76 124/123/76 125/124/76
f 123/122/76 125/124/76 126/125/76
f 127/126/77 128/127/77 129/128/77
f 127/126/77 129/128/77 130/129/77
f 106/105/78 105/104/78 117/116/79
f 106/105/78 117/116/79 131/130/78
f 121/120/80 120/119/80 128/127/80
f 121/120/80 128/127/80 127/126/80
f 131/130/81 117/116/81 132/131/81
f 131/130/81 132/131/81 133/132/81
f 134/133/82 135/134/82 136/135/82
f 134/133/82 136/135/82 137/136/82
f 138/137/83 139/138/83 140/139/83
f 138/137/83 140/139/83 141/140/83
f 142/141/84 143/142/84 144/143/84
f 142/141/84 144/143/84 145/144/84
f 146/145/83 147/146/83 148/147/83
f 146/145/83 148/147/83 149/148/83
f 150/149/85 151/150/85 152/151/85
f 150/149/85 152/151/85 153/152/85
f 154/153/86 155/154/86 156/155/86
f 154/153/86 156/155/86 157/156/86
f 158/157/83 159/158/83 147/146/83
f 158/157/83 147/146/83 146/145/83
f 149/148/83 148/147/83 139/138/83
f 149/148/83 139/138/83 138/137/83
f 160/159/87 161/160/87 162/161/87
f 160/159/87 162/161/87 163/162/87
f 164/163/88 165/164/89 166/165/90
f 164/163/88 166/165/90 167/166/90
f 168/167/83 169/168/83 170/169/83
f 168/167/83 170/169/83 171/170/83
f 145/144/91 144/143/91 172/171/91
f 145/144/91 172/171/91 173/172/91
f 174/173/92 175/174/92 176/175/92
f 174/173/93 176/175/93 177/176/93
f 178/177/94 179/178/94 180/179/94
f 178/177/95 180/179/95 181/180/95
f 171/170/83 170/169/83 182/181/83
f 171/170/83 182/181/83 183/182/83
f 184/183/96 185/184/96 186/185/96
f 184/183/96 186/185/96 187/186/96
f 165/164/97 188/187/97 189/188/97
f 165/164/97 189/188/97 166/165/97
f 190/189/98 191/190/98 192/191/99
f 190/189/98 192/191/99 193/192/98
f 183/182/83 182/181/83 159/158/83
f 183/182/83 159/158/83 158/157/83
f 194/193/100 195/194/100 155/154/100
f 194/193/100 155/154/100 154/153/100
f 196/195/101 197/196/101 198/197/101
f 196/195/101 198/197/101 199/198/101
f 200/199/102 201/200/102 202/201/102
f 200/199/102 202/201/102 203/202/102
f 204/203/103 205/204/103 206/205/103
f 204/203/103 206/205/103 207/206/103
f 208/207/104 209/208/104 210/209/104
f 208/207/104 210/209/104 211/210/104
f 153/152/105 152/151/105 212/211/105
f 153/152/105 212/211/105 213/212/105
f 204/203/106 207/206/106 214/213/106
f 204/203/106 214/213/106 215/214/106
f 54/53/107 57/56/107 216/215/107
f 54/53/107 216/215/107 217/216/108
f 196/195/109 218/217/109 219/218/109
f 196/195/109 219/218/109 220/219/109
f 217/216/110 216/215/111 221/220/112
f 217/216/110 221/220/112 222/221/111
f 223/222/113 224/223/113 225/224/113
f 223/222/113 225/224/113 226/225/113
f 227/226/114 228/227/114 229/228/115
f 227/226/114 229/228/115 230/229/114
f 226/225/116 225/224/116 231/230/117
f 226/225/116 231/230/117 232/231/117
f 47/46/118 46/45/119 233/232/120
f 47/46/118 233/232/120 234/233/121
f 46/45/97 235/234/97 236/235/97
f 46/45/97 236/235/97 233/232/97
f 228/227/122 237/236/122 238/237/122
f 228/227/122 238/237/122 229/228/122
f 234/233/123 233/232/123 239/238/123
f 234/233/124 239/238/124 240/239/124
f 241/240/125 242/241/125 243/242/125
f 241/240/125 243/242/125 244/243/125
f 233/232/97 236/235/97 245/244/97
f 233/232/97 245/244/97 239/238/97
f 197/196/109 196/195/109 220/219/109
f 197/196/109 220/219/109 246/245/109
f 247/246/126 248/247/126 249/248/127
f 247/246/126 249/248/127 250/249/127
f 251/250/128 252/251/128 253/252/128
f 251/250/128 253/252/128 254/253/128
f 218/217/101 196/195/101 199/198/101
f 218/217/101 199/198/101 255/254/101
f 256/255/129 257/256/129 248/247/129
f 256/255/129 248/247/129 247/246/129
f 258/257/130 259/258/130 260/259/130
f 258/257/130 260/259/130 261/260/130
f 242/241/131 262/261/131 263/262/131
f 242/241/131 263/262/131 243/242/131
f 264/263/130 265/264/130 259/258/130
f 264/263/130 259/258/130 258/257/130
f 266/265/132 267/266/133 268/267/134
f 266/265/132 268/267/134 269/268/135
f 270/269/130 271/270/130 265/264/130
f 270/269/130 265/264/130 264/263/130
f 250/249/136 249/248/136 272/271/137
f 250/249/136 272/271/137 273/272/137
f 274/273/130 275/274/130 276/275/130
f 274/273/130 276/275/130 277/276/130
f 261/260/130 260/259/130 278/277/130
f 261/260/130 278/277/130 279/278/130
f 167/166/138 166/165/138 280/279/138
f 167/166/138 280/279/138 281/280/138
f 177/176/139 176/175/140 108/107/141
f 177/176/139 108/107/141 107/106/142
f 279/278/130 278/277/130 275/274/130
f 279/278/130 275/274/130 274/273/130
f 181/180/143 180/179/143 282/281/143
f 181/180/144 282/281/144 283/282/144
f 277/276/130 276/275/130 284/283/130
f 277/276/130 284/283/130 285/284/130
f 286/285/82 134/133/82 137/136/82
f 286/285/82 137/136/82 287/286/82
f 288/287/145 289/288/145 290/289/145
f 288/287/145 290/289/145 291/290/145
f 292/291/146 293/292/146 294/293/146
f 292/291/146 294/293/146 295/294/146
f 166/165/97 189/188/97 296/295/97
f 166/165/97 296/295/97 280/279/97
f 297/296/147 208/207/147 211/210/148
f 297/296/147 211/210/148 298/297/147
f 191/190/149 299/298/150 300/299/151
f 191/190/149 300/299/151 192/191/149
f 203/202/152 202/201/152 301/300/152
f 203/202/152 301/300/152 302/301/152
f 303/302/153 304/303/153 305/304/153
f 303/302/153 305/304/153 306/305/153
f 240/239/154 239/238/154 165/164/154
f 240/239/155 165/164/155 164/163/155
f 209/208/156 48/47/156 51/50/156
f 209/208/156 51/50/156 210/209/156
f 307/306/157 308/307/158 309/308/158
f 307/306/157 309/308/158 310/309/158
f 232/231/159 231/230/160 175/174/160
f 232/231/159 175/174/160 174/173/161
f 311/310/162 312/311/162 308/307/163
f 311/310/162 308/307/163 307/306/162
f 310/309/164 309/308/164 313/312/164
f 310/309/164 313/312/164 314/313/164
f 222/221/165 221/220/166 179/178/167
f 222/221/165 179/178/167 178/177/168
f 239/238/97 245/244/97 188/187/97
f 239/238/97 188/187/97 165/164/97
f 315/314/169 190/189/169 193/192/169
f 315/314/169 193/192/169 316/315/170
f 317/316/171 318/317/171 319/318/171
f 317/316/171 319/318/171 320/319/171
f 321/320/172 322/321/172 201/200/172
f 321/320/172 201/200/172 200/199/172
f 224/223/173 223/222/173 318/317/173
f 224/223/173 318/317/173 317/316/173
f 109/108/174 323/322/175 324/323/175
f 109/108/174 324/323/175 325/324/174
f 299/298/176 326/325/176 327/326/176
f 299/298/176 327/326/176 300/299/176
f 320/319/177 319/318/178 328/327/178
f 320/319/177 328/327/178 329/328/177
f 330/329/179 331/330/179 332/331/179
f 330/329/179 332/331/179 333/332/179
f 329/328/180 328/327/180 312/311/180
f 329/328/180 312/311/180 311/310/180
f 302/301/181 301/300/181 334/333/181
f 302/301/181 334/333/181 335/334/181
f 336/335/182 337/336/182 338/337/182
f 336/335/182 338/337/182 339/338/182
f 340/339/183 341/340/183 342/341/183
f 340/339/183 342/341/183 343/342/183
f 335/334/184 334/333/185 344/343/185
f 335/334/184 344/343/185 345/344/185
f 346/345/186 347/346/187 348/347/186
f 346/345/186 348/347/186 349/348/186
f 176/175/188 175/174/189 350/349/188
f 176/175/188 350/349/188 351/350/189
f 352/351/190 340/339/191 343/342/190
f 352/351/190 343/342/190 353/352/192
f 109/108/193 108/107/194 354/353/194
f 109/108/193 354/353/194 323/322/194
f 108/107/195 176/175/195 351/350/196
f 108/107/195 351/350/196 354/353/196
f 347/346/197 352/351/197 353/352/197
f 347/346/197 353/352/197 348/347/197
f 175/174/198 231/230/198 355/354/198
f 175/174/198 355/354/198 350/349/198
f 356/355/199 357/356/199 358/357/200
f 356/355/199 358/357/200 359/358/201
f 360/359/202 361/360/202 362/361/203
f 360/359/202 362/361/203 363/362/203
f 297/296/204 298/297/204 357/356/204
f 297/296/204 357/356/204 356/355/205
f 364/363/206 365/364/206 366/365/206
f 364/363/206 366/365/206 367/366/206
f 341/340/207 368/367/207 369/368/207
f 341/340/207 369/368/207 370/369/207
f 371/370/208 342/341/209 372/371/209
f 371/370/208 372/371/209 373/372/210
f 374/373/211 375/374/211 376/375/211
f 374/373/211 376/375/211 377/376/211
f 345/344/212 344/343/212 378/377/213
f 345/344/212 378/377/213 379/378/213
f 373/372/214 372/371/214 380/379/214
f 373/372/214 380/379/214 381/380/214
f 382/381/215 383/382/215 384/383/216
f 382/381/215 384/383/216 385/384/215
f 386/385/217 387/386/218 388/387/219
f 386/385/217 388/387/219 389/388/219
f 372/371/220 368/367/220 390/389/220
f 372/371/220 390/389/220 391/390/220
f 325/324/221 324/323/221 392/391/222
f 325/324/221 392/391/222 393/392/221
f 367/366/223 366/365/223 394/393/223
f 367/366/223 394/393/223 395/394/224
f 396/395/82 397/396/82 134/133/82
f 396/395/82 134/133/82 286/285/82
f 398/397/83 399/398/83 400/399/83
f 398/397/83 400/399/83 401/400/83
f 402/401/83 403/402/83 399/398/83
f 402/401/83 399/398/83 398/397/83
f 404/403/83 405/404/83 403/402/83
f 404/403/83 403/402/83 402/401/83
f 205/204/83 406/405/83 407/406/83
f 205/204/83 407/406/83 408/407/83
f 401/400/83 400/399/83 409/408/83
f 401/400/83 409/408/83 204/203/83
f 204/203/83 409/408/83 406/405/83
f 204/203/83 406/405/83 205/204/83
f 410/409/225 411/410/225 405/404/225
f 410/409/225 405/404/225 404/403/225
f 408/407/83 407/406/83 412/411/83
f 408/407/83 412/411/83 413/412/83
f 397/396/82 414/413/82 135/134/82
f 397/396/82 135/134/82 134/133/82
f 415/414/226 111/110/227 122/121/228
f 415/414/226 122/121/228 104/103/227
f 416/415/229 417/416/230 119/118/230
f 416/415/229 119/118/230 118/117/230
f 418/417/231 415/414/232 104/103/233
f 418/417/231 104/103/233 103/102/232
f 419/418/234 420/419/234 421/420/234
f 419/418/234 421/420/234 422/421/234
f 423/422/235 424/423/236 425/424/236
f 423/422/235 425/424/236 426/425/235
f 122/121/69 111/110/69 114/113/69
f 122/121/69 114/113/69 427/426/69
f 428/427/237 429/428/237 430/429/237
f 428/427/237 430/429/237 431/430/237
f 432/431/238 433/432/238 415/414/239
f 432/431/238 415/414/239 418/417/238
f 434/433/240 435/434/240 436/435/240
f 434/433/240 436/435/240 437/436/240
f 110/109/241 109/108/242 417/416/242
f 110/109/241 417/416/242 416/415/242
f 438/437/243 439/438/243 440/439/243
f 438/437/243 440/439/243 441/440/243
f 284/283/82 442/441/82 414/413/82
f 284/283/82 414/413/82 397/396/82
f 285/284/82 284/283/82 397/396/82
f 285/284/82 397/396/82 396/395/82
f 399/398/83 183/182/83 158/157/83
f 399/398/83 158/157/83 400/399/83
f 403/402/83 171/170/83 183/182/83
f 403/402/83 183/182/83 399/398/83
f 405/404/83 168/167/83 171/170/83
f 405/404/83 171/170/83 403/402/83
f 406/405/83 149/148/83 138/137/83
f 406/405/83 138/137/83 407/406/83
f 400/399/83 158/157/83 146/145/83
f 400/399/83 146/145/83 409/408/83
f 409/408/83 146/145/83 149/148/83
f 409/408/83 149/148/83 406/405/83
f 411/410/244 443/442/245 168/167/244
f 411/410/244 168/167/244 405/404/245
f 407/406/83 138/137/83 141/140/83
f 407/406/83 141/140/83 412/411/83
f 444/443/246 112/111/246 445/444/246
f 444/443/246 445/444/246 446/445/246
f 447/446/247 448/447/247 449/448/247
f 447/446/248 449/448/248 450/449/248
f 427/426/249 114/113/249 451/450/250
f 427/426/249 451/450/250 452/451/250
f 440/439/251 439/438/251 449/448/251
f 440/439/252 449/448/252 448/447/252
f 453/452/253 451/450/253 114/113/253
f 453/452/254 114/113/254 113/112/254
f 454/453/240 434/433/240 437/436/240
f 454/453/240 437/436/240 455/454/240
f 456/455/255 457/456/255 458/457/255
f 456/455/255 458/457/255 425/424/255
f 421/420/256 420/419/257 447/446/258
f 421/420/256 447/446/258 450/449/256
f 425/424/259 424/423/260 459/458/260
f 425/424/259 459/458/260 456/455/261
f 426/425/262 425/424/262 458/457/263
f 426/425/262 458/457/263 460/459/264
f 461/460/265 462/461/266 463/462/265
f 461/460/265 463/462/265 464/463/266
f 465/464/267 466/465/267 467/466/267
f 465/464/267 467/466/267 468/467/267
f 469/468/268 470/469/268 471/470/268
f 469/468/268 471/470/268 472/471/268
f 473/472/269 474/473/270 475/474/269
f 473/472/269 475/474/269 476/475/269
f 477/476/271 478/477/271 479/478/271
f 477/476/271 479/478/271 480/479/271
f 481/480/272 482/481/272 483/482/272
f 481/480/272 483/482/272 484/483/272
f 485/484/273 486/485/273 487/486/273
f 485/484/273 487/486/273 488/487/273
f 489/488/274 490/489/275 491/490/275
f 489/488/274 491/490/275 492/491/276
f 493/492/277 485/484/277 488/487/277
f 493/492/277 488/487/277 494/493/277
f 495/494/278 496/495/279 497/496/280
f 495/494/278 497/496/280 498/497/278
f 499/498/281 500/499/281 501/500/281
f 499/498/281 501/500/281 502/501/281
f 503/502/282 504/503/283 505/504/284
f 503/502/282 505/504/284 506/505/285
f 507/506/286 499/498/286 502/501/286
f 507/506/286 502/501/286 508/507/286
f 509/508/287 484/483/287 510/509/287
f 509/508/287 510/509/287 511/510/287
f 512/511/288 513/512/288 514/513/288
f 512/511/288 514/513/288 515/514/288
f 484/483/289 483/482/289 516/515/289
f 484/483/289 516/515/289 510/509/289
f 517/516/290 518/517/290 519/518/290
f 517/516/290 519/518/290 520/519/290
f 521/520/291 522/521/292 523/521/292
f 521/520/291 523/521/291 524/522/291
f 525/523/293 526/524/293 527/525/293
f 525/523/294 527/525/294 528/525/293
f 529/526/295 530/527/295 531/528/295
f 529/526/296 531/528/296 532/529/297
f 533/530/298 534/531/298 535/532/298
f 533/530/298 535/532/299 536/533/298
f 537/534/297 529/526/300 532/529/300
f 537/534/298 532/529/298 538/535/298
f 536/533/301 535/532/301 539/536/301
f 536/533/295 539/536/295 540/537/295
f 522/521/302 541/538/302 542/539/302
f 522/521/303 542/539/303 523/521/292
f 528/525/294 527/525/294 543/540/304
f 528/525/302 543/540/302 544/541/302
f 473/472/305 476/475/305 545/542/305
f 473/472/305 545/542/305 546/543/305
f 547/544/306 548/545/306 549/546/306
f 547/544/306 549/546/306 550/547/306
f 551/548/307 552/549/307 553/550/307
f 551/548/307 553/550/307 554/551/307
f 555/552/308 556/553/308 557/554/308
f 555/552/308 557/554/308 558/555/308
f 559/556/309 547/544/309 550/547/309
f 559/556/309 550/547/309 560/557/309
f 552/549/310 561/558/310 562/559/310
f 552/549/310 562/559/310 553/550/310
f 563/560/311 564/561/311 565/562/311
f 563/560/311 565/562/311 566/563/311
f 567/564/312 568/565/312 569/566/312
f 567/564/312 569/566/312 570/567/312
f 513/512/313 559/556/313 560/557/313
f 513/512/313 560/557/313 514/513/313
f 571/568/314 563/560/314 566/563/314
f 571/568/314 566/563/314 572/569/314
f 474/473/315 473/472/315 546/543/315
f 474/473/315 546/543/315 573/570/315
f 574/571/316 517/516/316 520/519/316
f 574/571/316 520/519/316 575/572/316
f 470/469/317 551/548/317 554/551/317
f 470/469/317 554/551/317 471/470/317
f 568/565/318 507/506/318 508/507/318
f 568/565/319 508/507/319 569/566/319
f 556/553/320 493/492/320 494/493/320
f 556/553/320 494/493/320 557/554/320
f 576/573/321 477/476/321 480/479/321
f 576/573/321 480/479/321 577/574/321
f 578/575/322 579/576/323 580/577/322
f 578/575/322 580/577/322 581/578/322
f 582/579/324 583/580/324 584/581/324
f 582/579/324 584/581/324 585/582/324
f 586/583/325 587/584/326 588/585/326
f 586/583/325 588/585/326 589/586/325
f 590/587/327 591/588/327 592/589/327
f 590/587/327 592/589/327 593/590/327
f 594/591/328 595/592/328 596/593/329
f 594/591/328 596/593/329 597/594/329
f 598/595/330 599/596/330 600/597/330
f 598/595/330 600/597/330 601/598/330
f 602/599/331 603/600/331 590/587/332
f 602/599/331 590/587/332 604/601/333
f 605/602/334 606/603/334 607/604/334
f 605/602/334 607/604/334 608/605/334
f 609/606/335 610/607/336 611/608/337
f 609/606/335 611/608/337 612/609/337
f 613/610/338 614/611/338 615/612/338
f 613/610/338 615/612/338 616/613/338
f 617/614/339 618/615/339 619/616/339
f 617/614/339 619/616/339 620/617/339
f 606/603/340 621/618/340 622/619/340
f 606/603/341 622/619/341 607/604/341
f 589/586/342 588/585/342 623/620/342
f 589/586/342 623/620/342 624/621/342
f 604/601/343 590/587/343 593/590/343
f 604/601/344 593/590/344 625/622/344
f 588/585/345 626/623/345 627/624/345
f 588/585/345 627/624/345 623/620/345
f 628/625/346 629/626/346 630/627/346
f 628/625/346 630/627/346 631/628/346
f 615/612/347 632/629/347 633/630/347
f 615/612/347 633/630/347 634/631/347
f 622/619/348 635/632/348 636/633/348
f 622/619/348 636/633/348 637/634/348
f 584/581/349 638/635/349 639/636/349
f 584/581/349 639/636/349 640/637/349
f 641/638/350 642/639/350 643/640/350
f 641/638/350 643/640/350 644/641/350
f 645/642/351 631/628/351 646/643/351
f 645/642/351 646/643/351 647/644/351
f 648/645/352 649/646/352 650/647/352
f 648/645/353 650/647/353 651/648/353
f 585/582/354 584/581/354 640/637/354
f 585/582/354 640/637/354 652/649/354
f 638/635/355 653/650/355 654/651/355
f 638/635/355 654/651/355 639/636/355
f 591/588/356 579/576/356 655/652/356
f 591/588/356 655/652/356 592/589/356
f 656/653/357 628/625/357 631/628/357
f 656/653/357 631/628/357 645/642/357
f 583/580/358 657/654/358 638/635/358
f 583/580/358 638/635/358 584/581/358
f 627/624/359 626/623/359 658/655/359
f 627/624/359 658/655/359 659/656/359
f 657/654/360 660/657/360 653/650/360
f 657/654/360 653/650/360 638/635/360
f 621/618/361 661/658/361 635/632/361
f 621/618/362 635/632/362 622/619/362
f 614/611/363 662/659/363 632/629/363
f 614/611/363 632/629/363 615/612/363
f 663/660/364 664/661/364 665/662/364
f 663/660/364 665/662/364 666/663/364
f 626/623/365 667/664/365 668/665/365
f 626/623/365 668/665/365 658/655/365
f 579/576/366 578/575/366 669/666/366
f 579/576/366 669/666/366 655/652/366
f 660/657/367 670/667/367 671/668/367
f 660/657/367 671/668/367 653/650/367
f 672/669/368 673/670/368 674/671/368
f 672/669/369 674/671/369 675/672/369
f 599/596/370 676/673/370 677/674/370
f 599/596/370 677/674/370 600/597/370
f 678/675/371 663/660/371 666/663/371
f 678/675/371 666/663/371 679/676/371
f 629/626/372 672/669/372 675/672/372
f 629/626/372 675/672/372 630/627/372
f 680/677/373 605/602/373 608/605/373
f 680/677/373 608/605/373 681/678/373
f 643/640/374 682/679/374 683/680/374
f 643/640/374 683/680/374 684/681/374
f 685/682/375 686/683/375 687/684/375
f 685/682/375 687/684/375 688/685/375
f 634/631/376 633/630/376 689/686/376
f 634/631/376 689/686/376 690/687/376
f 637/634/377 636/633/377 691/688/377
f 637/634/377 691/688/377 692/689/377
f 640/637/378 639/636/378 693/690/378
f 640/637/378 693/690/378 694/691/378
f 644/641/379 643/640/379 684/681/379
f 644/641/379 684/681/379 695/692/379
f 647/644/380 646/643/380 696/693/380
f 647/644/380 696/693/380 697/694/380
f 651/648/381 650/647/381 698/695/381
f 651/648/381 698/695/381 699/696/381
f 666/663/382 665/662/382 686/683/382
f 666/663/382 686/683/382 685/682/382
f 642/639/383 700/697/383 682/679/383
f 642/639/383 682/679/383 643/640/383
f 701/698/384 702/699/384 703/700/384
f 701/698/384 703/700/384 704/701/384
f 653/650/385 671/668/385 705/702/385
f 653/650/385 705/702/385 654/651/385
f 675/672/386 674/671/386 706/703/386
f 675/672/386 706/703/386 707/704/386
f 631/628/387 630/627/387 708/705/387
f 631/628/387 708/705/387 646/643/387
f 600/597/388 677/674/388 709/706/388
f 600/597/388 709/706/388 710/707/388
f 679/676/389 666/663/389 685/682/389
f 679/676/389 685/682/389 711/708/389
f 608/605/390 607/604/390 712/709/390
f 608/605/390 712/709/390 713/710/390
f 681/678/391 608/605/391 713/710/391
f 681/678/391 713/710/391 714/711/391
f 630/627/392 675/672/392 707/704/392
f 630/627/392 707/704/392 708/705/392
f 715/712/393 648/645/393 651/648/393
f 715/712/393 651/648/393 716/713/393
f 649/646/394 701/698/394 704/701/394
f 649/646/394 704/701/394 650/647/394
f 616/613/395 615/612/395 634/631/395
f 616/613/395 634/631/395 717/714/395
f 607/604/396 622/619/396 637/634/396
f 607/604/396 637/634/396 712/709/396
f 601/598/397 600/597/397 710/707/397
f 601/598/397 710/707/397 718/715/397
f 719/716/398 720/717/398 721/718/398
f 722/719/398 723/720/398 724/721/398
f 722/719/399 724/721/399 725/721/399
f 726/722/398 727/723/398 728/724/398
f 729/725/398 730/726/398 731/727/398
f 729/725/399 731/727/398 732/728/400
f 733/729/398 726/722/398 734/730/398
f 732/728/401 731/727/401 735/731/399
f 732/728/398 735/731/398 736/732/398
f 720/717/399 737/733/399 738/734/399
f 725/721/402 724/721/403 739/735/400
f 725/721/400 739/735/400 740/736/400
f 704/701/404 703/700/404 741/737/404
f 704/701/404 741/737/404 742/738/404
f 654/651/405 705/702/405 743/739/405
f 654/651/405 743/739/405 744/740/405
f 707/704/406 706/703/406 745/741/406
f 707/704/406 745/741/406 746/742/406
f 646/643/407 708/705/407 747/743/407
f 646/643/407 747/743/407 696/693/407
f 710/707/408 709/706/408 748/744/408
f 710/707/408 748/744/408 749/745/408
f 711/708/409 685/682/409 688/685/409
f 711/708/409 688/685/409 750/746/409
f 713/710/410 712/709/410 751/747/410
f 713/710/410 751/747/410 752/748/410
f 714/711/411 713/710/411 752/748/411
f 714/711/411 752/748/411 753/749/411
f 708/705/412 707/704/412 746/742/412
f 708/705/412 746/742/412 747/743/412
f 716/713/413 651/648/413 699/696/413
f 716/713/413 699/696/413 754/750/413
f 650/647/414 704/701/414 742/738/414
f 650/647/414 742/738/414 698/695/414
f 717/714/415 634/631/415 690/687/415
f 717/714/415 690/687/415 755/751/415
f 712/709/416 637/634/416 692/689/416
f 712/709/416 692/689/416 751/747/416
f 718/715/417 710/707/417 749/745/417
f 718/715/417 749/745/417 756/752/417
f 639/636/418 654/651/418 744/740/418
f 639/636/418 744/740/418 693/690/418
f 652/649/419 640/637/419 694/691/419
f 652/649/419 694/691/419 757/753/419
f 758/754/420 759/755/421 760/756/422
f 758/754/420 760/756/422 761/757/421
f 760/756/423 759/755/423 762/758/423
f 760/756/423 762/758/423 763/759/423
f 36/35/19 39/38/19 764/760/19
f 36/35/19 764/760/19 765/761/19
f 766/762/424 767/763/425 768/764/425
f 766/762/424 768/764/425 769/765/424
f 770/766/426 771/767/427 772/768/428
f 770/766/426 772/768/428 773/769/428
f 774/770/429 775/771/429 776/772/429
f 774/770/429 776/772/429 777/773/429
f 778/774/430 779/775/430 780/776/430
f 778/774/430 780/776/430 781/777/430
f 781/777/431 780/776/431 782/778/432
f 781/777/431 782/778/432 783/779/432
f 58/57/30 61/60/30 784/780/30
f 58/57/30 784/780/30 785/781/30
f 786/782/433 787/783/433 788/784/433
f 786/782/433 788/784/433 789/785/433
f 790/786/434 791/787/434 787/783/434
f 790/786/434 787/783/434 786/782/434
f 789/785/435 788/784/436 792/788/435
f 789/785/435 792/788/435 793/789/435
f 70/69/35 73/72/35 794/790/35
f 70/69/35 794/790/35 795/791/35
f 796/792/437 781/777/437 783/779/437
f 796/792/437 783/779/437 797/793/437
f 798/794/438 778/774/439 781/777/439
f 798/794/438 781/777/439 796/792/439
f 797/793/440 783/779/440 799/795/440
f 797/793/440 799/795/440 800/796/440
f 788/784/441 797/793/442 800/796/441
f 788/784/441 800/796/441 792/788/443
f 791/787/444 798/794/445 796/792/446
f 791/787/444 796/792/446 787/783/447
f 787/783/448 796/792/449 797/793/448
f 787/783/448 797/793/448 788/784/450
f 74/73/48 83/82/48 801/797/48
f 74/73/48 801/797/48 773/769/48
f 84/83/49 802/798/49 803/799/49
f 84/83/49 803/799/49 85/84/49
f 88/87/50 768/764/50 767/763/50
f 88/87/50 767/763/50 89/88/50
f 89/88/51 767/763/51 802/798/51
f 89/88/51 802/798/51 84/83/51
f 804/800/451 805/801/451 806/802/451
f 804/800/451 806/802/451 807/803/452
f 808/804/453 809/805/453 805/801/453
f 808/804/453 805/801/453 804/800/453
f 793/789/454 810/806/454 811/807/454
f 793/789/454 811/807/454 789/785/454
f 789/785/455 811/807/456 812/808/455
f 789/785/455 812/808/455 786/782/455
f 39/38/57 100/99/57 813/809/57
f 39/38/57 813/809/57 764/760/57
f 786/782/457 812/808/457 814/810/457
f 786/782/457 814/810/457 790/786/457
f 810/806/458 808/804/459 804/800/459
f 810/806/458 804/800/459 811/807/458
f 811/807/460 804/800/461 807/803/461
f 811/807/460 807/803/461 812/808/461
f 100/99/63 58/57/63 785/781/63
f 100/99/63 785/781/63 813/809/63
f 812/808/462 807/803/463 815/811/463
f 812/808/462 815/811/463 814/810/463
f 816/812/464 817/813/464 818/814/464
f 816/812/464 818/814/464 819/815/464
f 107/106/465 110/109/466 820/816/467
f 107/106/465 820/816/467 821/817/466
f 822/818/468 823/819/468 824/820/468
f 822/818/468 824/820/468 825/821/468
f 818/814/469 826/822/469 827/823/469
f 818/814/469 827/823/469 828/824/470
f 118/117/471 121/120/471 829/825/472
f 118/117/471 829/825/472 830/826/472
f 819/815/473 818/814/473 828/824/473
f 819/815/474 828/824/474 831/827/474
f 123/122/76 126/125/76 832/828/76
f 123/122/76 832/828/76 833/829/76
f 127/126/77 130/129/77 834/830/77
f 127/126/77 834/830/77 835/831/77
f 817/813/475 836/832/475 826/822/476
f 817/813/475 826/822/476 818/814/475
f 121/120/80 127/126/80 835/831/80
f 121/120/80 835/831/80 829/825/80
f 836/832/477 837/833/477 838/834/477
f 836/832/477 838/834/477 826/822/477
f 134/133/82 137/136/82 287/286/82
f 134/133/82 287/286/82 286/285/82
f 839/835/478 840/836/478 841/837/478
f 839/835/478 841/837/478 842/838/478
f 142/141/84 145/144/84 843/839/84
f 142/141/84 843/839/84 844/840/84
f 845/841/478 846/842/478 847/843/478
f 845/841/478 847/843/478 848/844/478
f 150/149/85 153/152/85 849/845/85
f 150/149/85 849/845/85 850/846/85
f 154/153/86 157/156/86 851/847/86
f 154/153/86 851/847/86 852/848/86
f 853/849/478 845/841/478 848/844/478
f 853/849/478 848/844/478 854/850/478
f 846/842/478 839/835/478 842/838/478
f 846/842/478 842/838/478 847/843/478
f 160/159/87 163/162/87 855/851/87
f 160/159/87 855/851/87 856/852/87
f 857/853/479 858/854/479 859/855/479
f 857/853/480 859/855/480 860/856/480
f 861/857/478 862/858/478 863/859/478
f 861/857/478 863/859/478 864/860/478
f 145/144/91 173/172/91 865/861/91
f 145/144/91 865/861/91 843/839/91
f 174/173/481 177/176/482 866/862/483
f 174/173/481 866/862/483 867/863/484
f 868/864/485 869/865/485 870/866/485
f 868/864/486 870/866/486 871/867/486
f 862/858/478 872/868/478 873/869/478
f 862/858/478 873/869/478 863/859/478
f 184/183/96 187/186/96 874/870/96
f 184/183/96 874/870/96 875/871/96
f 860/856/97 859/855/97 189/188/97
f 860/856/97 189/188/97 188/187/97
f 876/872/487 877/873/487 878/874/488
f 876/872/487 878/874/488 879/875/487
f 872/868/478 853/849/478 854/850/478
f 872/868/478 854/850/478 873/869/478
f 194/193/100 154/153/100 852/848/100
f 194/193/100 852/848/100 880/876/100
f 196/195/101 199/198/101 255/254/101
f 196/195/101 255/254/101 218/217/101
f 881/877/489 882/878/489 883/879/489
f 881/877/489 883/879/489 884/880/489
f 885/881/490 886/882/490 887/883/490
f 885/881/490 887/883/490 888/884/490
f 889/885/491 890/886/491 891/887/491
f 889/885/491 891/887/491 892/888/491
f 153/152/105 213/212/105 893/889/105
f 153/152/105 893/889/105 849/845/105
f 885/881/492 894/890/492 895/891/492
f 885/881/492 895/891/492 886/882/492
f 780/776/493 896/892/494 897/893/493
f 780/776/493 897/893/493 782/778/493
f 196/195/109 220/219/109 246/245/109
f 196/195/109 246/245/109 197/196/109
f 896/892/495 898/894/496 899/895/497
f 896/892/495 899/895/497 897/893/496
f 223/222/498 226/225/498 900/896/498
f 223/222/498 900/896/498 901/897/498
f 902/898/499 903/899/499 904/900/499
f 902/898/499 904/900/499 905/901/500
f 226/225/501 232/231/502 906/902/502
f 226/225/501 906/902/502 900/896/501
f 771/767/503 907/903/504 908/904/505
f 771/767/503 908/904/505 772/768/506
f 772/768/97 908/904/97 236/235/97
f 772/768/97 236/235/97 235/234/97
f 905/901/507 904/900/507 909/905/507
f 905/901/507 909/905/507 910/906/507
f 907/903/508 911/907/508 912/908/508
f 907/903/509 912/908/509 908/904/509
f 913/909/510 914/910/510 915/911/511
f 913/909/510 915/911/511 916/912/511
f 908/904/97 912/908/97 245/244/97
f 908/904/97 245/244/97 236/235/97
f 218/217/109 219/218/109 220/219/109
f 218/217/109 220/219/109 196/195/109
f 917/913/512 918/914/513 919/915/513
f 917/913/512 919/915/513 920/916/512
f 921/917/128 922/918/128 253/252/128
f 921/917/128 253/252/128 252/251/128
f 197/196/101 198/197/101 199/198/101
f 197/196/101 199/198/101 196/195/101
f 923/919/514 917/913/515 920/916/516
f 923/919/514 920/916/516 924/920/515
f 925/921/130 926/922/130 260/259/130
f 925/921/130 260/259/130 259/258/130
f 916/912/517 915/911/517 927/923/517
f 916/912/517 927/923/517 928/924/517
f 929/925/130 925/921/130 259/258/130
f 929/925/130 259/258/130 265/264/130
f 930/926/518 931/927/519 932/928/520
f 930/926/518 932/928/520 933/929/521
f 934/930/130 929/925/130 265/264/130
f 934/930/130 265/264/130 271/270/130
f 918/914/522 935/931/523 936/932/523
f 918/914/522 936/932/523 919/915/522
f 937/933/130 938/934/130 276/275/130
f 937/933/130 276/275/130 275/274/130
f 926/922/130 939/935/130 278/277/130
f 926/922/130 278/277/130 260/259/130
f 858/854/524 940/936/524 941/937/524
f 858/854/525 941/937/525 859/855/525
f 177/176/526 107/106/527 821/817/528
f 177/176/526 821/817/528 866/862/529
f 939/935/130 937/933/130 275/274/130
f 939/935/130 275/274/130 278/277/130
f 869/865/530 942/938/530 943/939/530
f 869/865/531 943/939/531 870/866/531
f 938/934/130 442/441/130 284/283/130
f 938/934/130 284/283/130 276/275/130
f 135/134/82 136/135/82 137/136/82
f 135/134/82 137/136/82 134/133/82
f 944/940/145 945/941/145 290/289/145
f 944/940/145 290/289/145 289/288/145
f 946/942/146 295/294/146 294/293/146
f 946/942/146 294/293/146 947/943/146
f 859/855/97 941/937/97 296/295/97
f 859/855/97 296/295/97 189/188/97
f 948/944/532 949/945/532 890/886/533
f 948/944/532 890/886/533 889/885/532
f 879/875/534 878/874/534 950/946/535
f 879/875/534 950/946/535 951/947/536
f 882/878/537 952/948/537 953/949/537
f 882/878/537 953/949/537 883/879/537
f 954/950/153 955/951/153 305/304/153
f 954/950/153 305/304/153 304/303/153
f 911/907/538 857/853/538 860/856/538
f 911/907/539 860/856/539 912/908/539
f 892/888/540 891/887/540 775/771/540
f 892/888/540 775/771/540 774/770/540
f 956/952/541 957/953/541 309/308/542
f 956/952/541 309/308/542 308/307/542
f 232/231/543 174/173/544 867/863/545
f 232/231/543 867/863/545 906/902/543
f 958/954/546 956/952/546 308/307/547
f 958/954/546 308/307/547 312/311/546
f 957/953/548 959/955/548 313/312/548
f 957/953/548 313/312/548 309/308/548
f 898/894/549 868/864/550 871/867/551
f 898/894/549 871/867/551 899/895/552
f 912/908/97 860/856/97 188/187/97
f 912/908/97 188/187/97 245/244/97
f 960/956/553 961/957/553 877/873/554
f 960/956/553 877/873/554 876/872/554
f 962/958/555 963/959/555 319/318/555
f 962/958/555 319/318/555 318/317/555
f 964/960/556 881/877/556 884/880/556
f 964/960/556 884/880/556 965/961/556
f 901/897/557 962/958/557 318/317/557
f 901/897/557 318/317/557 223/222/557
f 820/816/558 966/962/558 967/963/559
f 820/816/558 967/963/559 968/964/559
f 951/947/560 950/946/560 969/965/560
f 951/947/560 969/965/560 970/966/560
f 963/959/561 971/967/561 328/327/562
f 963/959/561 328/327/562 319/318/562
f 972/968/563 973/969/563 974/970/563
f 972/968/563 974/970/563 975/971/563
f 971/967/564 958/954/564 312/311/564
f 971/967/564 312/311/564 328/327/564
f 952/948/565 976/972/565 977/973/565
f 952/948/565 977/973/565 953/949/565
f 978/974/566 979/975/566 980/976/566
f 978/974/566 980/976/566 981/977/566
f 982/978/567 983/979/568 984/980/568
f 982/978/567 984/980/568 985/981/568
f 976/972/569 986/982/570 987/983/570
f 976/972/569 987/983/570 977/973/570
f 988/984/571 989/985/571 990/986/571
f 988/984/571 990/986/571 991/987/572
f 866/862/573 992/988/574 993/989/573
f 866/862/573 993/989/573 867/863/574
f 994/990/575 995/991/575 983/979/576
f 994/990/575 983/979/576 982/978/577
f 820/816/578 968/964/579 996/992/579
f 820/816/578 996/992/579 821/817/579
f 821/817/580 996/992/581 992/988/581
f 821/817/580 992/988/581 866/862/580
f 991/987/582 990/986/582 995/991/582
f 991/987/582 995/991/582 994/990/582
f 867/863/583 993/989/583 997/993/583
f 867/863/583 997/993/583 906/902/583
f 998/994/584 999/995/585 1000/996/584
f 998/994/584 1000/996/584 1001/997/584
f 1002/998/586 1003/999/587 1004/1000/587
f 1002/998/586 1004/1000/587 1005/1001/587
f 948/944/588 998/994/588 1001/997/588
f 948/944/588 1001/997/588 949/945/588
f 1006/1002/589 1007/1003/589 1008/1004/589
f 1006/1002/589 1008/1004/589 1009/1005/590
f 985/981/591 984/980/592 1010/1006/592
f 985/981/591 1010/1006/592 1011/1007/593
f 1012/1008/594 1013/1009/595 1014/1010/596
f 1012/1008/594 1014/1010/596 984/980/596
f 1015/1011/597 1016/1012/598 1017/1013/598
f 1015/1011/597 1017/1013/598 1018/1014/597
f 986/982/599 1019/1015/600 1020/1016/600
f 986/982/599 1020/1016/600 987/983/599
f 1013/1009/601 1021/1017/602 1022/1018/603
f 1013/1009/601 1022/1018/603 1014/1010/602
f 1023/1019/604 1024/1020/604 1025/1021/605
f 1023/1019/604 1025/1021/605 1026/1022/604
f 1027/1023/606 1028/1024/607 1029/1025/607
f 1027/1023/606 1029/1025/607 1030/1026/608
f 1014/1010/609 1031/1027/609 1032/1028/609
f 1014/1010/609 1032/1028/609 1033/1029/609
f 966/962/610 1034/1030/610 1035/1031/611
f 966/962/610 1035/1031/611 967/963/610
f 1007/1003/612 1036/1032/612 1037/1033/612
f 1007/1003/612 1037/1033/612 1008/1004/612
f 414/413/82 135/134/82 134/133/82
f 414/413/82 134/133/82 397/396/82
f 1038/1034/478 1039/1035/478 1040/1036/478
f 1038/1034/478 1040/1036/478 1041/1037/478
f 1042/1038/478 1038/1034/478 1041/1037/478
f 1042/1038/478 1041/1037/478 1043/1039/478
f 1044/1040/478 1042/1038/478 1043/1039/478
f 1044/1040/478 1043/1039/478 1045/1041/478
f 888/884/478 1046/1042/478 1047/1043/478
f 888/884/478 1047/1043/478 1048/1044/478
f 1039/1035/478 885/881/478 1049/1045/478
f 1039/1035/478 1049/1045/478 1040/1036/478
f 885/881/478 888/884/478 1048/1044/478
f 885/881/478 1048/1044/478 1049/1045/478
f 1050/1046/613 1044/1040/613 1045/1041/613
f 1050/1046/613 1045/1041/613 1051/1047/613
f 1046/1042/478 1052/1048/478 1053/1049/478
f 1046/1042/478 1053/1049/478 1047/1043/478
f 397/396/82 134/133/82 286/285/82
f 397/396/82 286/285/82 396/395/82
f 1054/1050/614 819/815/615 831/827/616
f 1054/1050/614 831/827/616 822/818/615
f 416/415/617 118/117/618 830/826/618
f 416/415/617 830/826/618 1055/1051/618
f 1056/1052/619 816/812/619 819/815/620
f 1056/1052/619 819/815/620 1054/1050/619
f 1057/1053/621 1058/1054/621 1059/1055/621
f 1057/1053/621 1059/1055/621 1060/1056/621
f 1061/1057/622 1062/1058/622 1063/1059/622
f 1061/1057/622 1063/1059/622 1064/1060/622
f 831/827/468 1065/1061/468 823/819/468
f 831/827/468 823/819/468 822/818/468
f 1066/1062/623 1067/1063/623 1068/1064/623
f 1066/1062/623 1068/1064/623 1069/1065/623
f 1070/1066/624 1056/1052/624 1054/1050/625
f 1070/1066/624 1054/1050/625 1071/1067/624
f 1072/1068/626 1073/1069/626 1074/1070/626
f 1072/1068/626 1074/1070/626 1075/1071/626
f 110/109/627 416/415/628 1055/1051/628
f 110/109/627 1055/1051/628 820/816/628
f 1076/1072/629 1077/1073/629 1078/1074/629
f 1076/1072/629 1078/1074/629 1079/1075/629
f 284/283/82 397/396/82 396/395/82
f 284/283/82 396/395/82 285/284/82
f 442/441/82 414/413/82 397/396/82
f 442/441/82 397/396/82 284/283/82
f 1041/1037/478 1040/1036/478 853/849/478
f 1041/1037/478 853/849/478 872/868/478
f 1043/1039/478 1041/1037/478 872/868/478
f 1043/1039/478 872/868/478 862/858/478
f 1045/1041/478 1043/1039/478 862/858/478
f 1045/1041/478 862/858/478 861/857/478
f 1048/1044/478 1047/1043/478 839/835/478
f 1048/1044/478 839/835/478 846/842/478
f 1040/1036/478 1049/1045/478 845/841/478
f 1040/1036/478 845/841/478 853/849/478
f 1049/1045/478 1048/1044/478 846/842/478
f 1049/1045/478 846/842/478 845/841/478
f 1051/1047/630 1045/1041/630 861/857/630
f 1051/1047/630 861/857/630 1080/1076/630
f 1047/1043/478 1053/1049/478 840/836/478
f 1047/1043/478 840/836/478 839/835/478
f 1081/1077/631 1082/1078/631 1083/1079/631
f 1081/1077/631 1083/1079/631 825/821/631
f 1084/1080/632 1085/1081/632 1086/1082/632
f 1084/1080/633 1086/1082/633 1087/1083/633
f 1065/1061/634 1088/1084/635 1089/1085/635
f 1065/1061/634 1089/1085/635 823/819/634
f 1078/1074/636 1087/1083/636 1086/1082/636
f 1078/1074/637 1086/1082/637 1079/1075/637
f 1090/1086/638 824/820/638 823/819/638
f 1090/1086/638 823/819/638 1089/1085/638
f 1091/1087/626 1092/1088/626 1073/1069/626
f 1091/1087/626 1073/1069/626 1072/1068/626
f 1093/1089/639 1063/1059/639 1094/1090/639
f 1093/1089/639 1094/1090/639 1095/1091/639
f 1059/1055/640 1085/1081/640 1084/1080/641
f 1059/1055/640 1084/1080/641 1060/1056/641
f 1063/1059/642 1093/1089/643 1096/1092/644
f 1063/1059/642 1096/1092/644 1064/1060/644
f 1062/1058/645 1097/1093/646 1094/1090/647
f 1062/1058/645 1094/1090/647 1063/1059/645
f 1098/1094/648 1099/1095/649 1100/1096/648
f 1098/1094/648 1100/1096/648 1101/1097/648
f 1102/1098/650 1103/1099/650 1104/1100/650
f 1102/1098/650 1104/1100/650 1105/1101/650
f 1106/1102/651 1107/1103/651 1108/1104/651
f 1106/1102/651 1108/1104/651 1109/1105/651
f 1110/1106/652 1111/1107/652 1112/1108/652
f 1110/1106/652 1112/1108/652 1113/1109/653
f 1114/1110/654 1115/1111/654 1116/1112/654
f 1114/1110/654 1116/1112/654 1117/1113/654
f 1118/1114/655 1119/1115/655 1120/1116/655
f 1118/1114/655 1120/1116/655 1121/1117/655
f 1122/1118/656 1123/1119/656 1124/1120/656
f 1122/1118/656 1124/1120/656 1125/1121/656
f 1126/1122/657 1127/1123/658 1128/1124/659
f 1126/1122/657 1128/1124/659 1129/1125/658
f 1130/1126/660 1131/1127/660 1123/1119/660
f 1130/1126/660 1123/1119/660 1122/1118/660
f 1132/1128/661 1133/497/661 1134/1129/661
f 1132/1128/661 1134/1129/661 1135/1130/662
f 1136/1131/663 1137/1132/663 1138/1133/663
f 1136/1131/663 1138/1133/663 1139/1134/663
f 1140/1135/664 1141/1136/665 1142/1137/666
f 1140/1135/664 1142/1137/666 1143/1138/664
f 1144/1139/667 1145/1140/667 1137/1132/667
f 1144/1139/667 1137/1132/667 1136/1131/667
f 1146/1141/668 1147/1142/669 1148/1143/668
f 1146/1141/668 1148/1143/668 1119/1115/668
f 1149/1144/670 1150/1145/670 1151/1146/670
f 1149/1144/670 1151/1146/670 1152/1147/670
f 1119/1115/671 1148/1143/671 1153/1148/671
f 1119/1115/671 1153/1148/671 1120/1116/671
f 1154/1149/672 1155/1150/672 1156/1151/672
f 1154/1149/672 1156/1151/672 1157/1152/672
f 1158/1153/673 1159/1154/673 1160/1155/673
f 1158/1153/673 1160/1155/674 1161/1156/675
f 1162/1157/676 1163/1158/677 1164/1159/676
f 1162/1157/678 1164/1159/678 1165/1160/678
f 1166/1161/679 1167/1162/680 1168/1163/680
f 1166/1161/681 1168/1163/681 1169/1164/681
f 1170/1165/682 1171/1166/682 1172/1167/683
f 1170/1165/682 1172/1167/682 1173/1168/682
f 1174/1169/682 1175/1170/682 1167/1162/682
f 1174/1169/679 1167/1162/684 1166/1161/684
f 1171/1166/681 1176/1171/681 1177/1172/681
f 1171/1166/685 1177/1172/685 1172/1167/685
f 1161/1156/675 1160/1155/686 1178/1173/687
f 1161/1156/686 1178/1173/686 1179/1174/686
f 1163/1158/686 1180/1175/686 1181/1176/686
f 1163/1158/688 1181/1176/687 1164/1159/676
f 1110/1106/689 1182/1177/689 1183/1178/689
f 1110/1106/689 1183/1178/689 1111/1107/689
f 1184/1179/690 1185/1180/690 1186/1181/690
f 1184/1179/690 1186/1181/690 1187/1182/690
f 1188/1183/691 1189/1184/691 1190/1185/691
f 1188/1183/691 1190/1185/691 1191/1186/691
f 1192/1187/692 1193/1188/692 1194/1189/692
f 1192/1187/692 1194/1189/692 1195/1190/692
f 1196/1191/693 1197/1192/693 1185/1180/693
f 1196/1191/693 1185/1180/693 1184/1179/693
f 1191/1186/694 1190/1185/694 1198/1193/694
f 1191/1186/694 1198/1193/694 1199/1194/694
f 1200/1195/695 1201/1196/695 1202/1197/695
f 1200/1195/695 1202/1197/695 1203/1198/695
f 1204/1199/696 1205/1200/696 1206/1201/696
f 1204/1199/696 1206/1201/696 1207/1202/696
f 1152/1147/697 1151/1146/697 1197/1192/697
f 1152/1147/697 1197/1192/697 1196/1191/697
f 1208/1203/698 1209/1204/698 1201/1196/698
f 1208/1203/698 1201/1196/698 1200/1195/698
f 1113/1109/699 1210/1205/699 1182/1177/699
f 1113/1109/699 1182/1177/699 1110/1106/699
f 1211/1206/700 1212/1207/700 1155/1150/700
f 1211/1206/700 1155/1150/700 1154/1149/700
f 1109/1105/701 1108/1104/701 1189/1184/701
f 1109/1105/701 1189/1184/701 1188/1183/701
f 1207/1202/702 1206/1201/702 1145/1140/702
f 1207/1202/703 1145/1140/703 1144/1139/703
f 1195/1190/704 1194/1189/704 1131/1127/704
f 1195/1190/704 1131/1127/704 1130/1126/704
f 1213/1208/705 1214/1209/705 1115/1111/705
f 1213/1208/705 1115/1111/705 1114/1110/705
f 1215/1210/706 1216/1211/706 1217/1212/706
f 1215/1210/706 1217/1212/706 1218/1213/706
f 1219/1214/707 1220/1215/707 1221/1216/707
f 1219/1214/707 1221/1216/707 1222/1217/707
f 1223/1218/708 1224/1219/708 1225/1220/709
f 1223/1218/708 1225/1220/709 1226/1221/710
f 1227/1222/711 1228/1223/711 1229/1224/711
f 1227/1222/711 1229/1224/711 1230/1225/711
f 1231/1226/712 1232/1227/713 1233/1228/713
f 1231/1226/712 1233/1228/713 1234/1229/713
f 1235/1230/714 1236/1231/714 1237/1232/714
f 1235/1230/714 1237/1232/714 1238/1233/714
f 1239/1234/715 1240/1235/716 1227/1222/716
f 1239/1234/715 1227/1222/716 1241/1236/715
f 1242/1237/717 1243/1238/717 1244/1239/717
f 1242/1237/717 1244/1239/717 1245/1240/717
f 1246/1241/718 1247/1242/719 1248/1243/720
f 1246/1241/718 1248/1243/720 1249/1244/721
f 1250/1245/722 1251/1246/722 1252/1247/722
f 1250/1245/722 1252/1247/722 1253/1248/722
f 1254/1249/723 1255/1250/724 1256/1251/723
f 1254/1249/723 1256/1251/723 1257/1252/723
f 1245/1240/725 1244/1239/725 1258/1253/725
f 1245/1240/726 1258/1253/726 1259/1254/726
f 1224/1219/727 1260/1255/727 1261/1256/727
f 1224/1219/727 1261/1256/727 1225/1220/727
f 1240/1235/728 1262/1257/728 1228/1223/728
f 1240/1235/729 1228/1223/729 1227/1222/729
f 1225/1220/730 1261/1256/730 1263/1258/730
f 1225/1220/730 1263/1258/730 1264/1259/730
f 1265/1260/731 1266/1261/731 1267/1262/731
f 1265/1260/731 1267/1262/731 1268/1263/731
f 1252/1247/732 1269/1264/732 1270/1265/732
f 1252/1247/732 1270/1265/732 1271/1266/732
f 1258/1253/733 1272/1267/733 1273/1268/733
f 1258/1253/733 1273/1268/733 1274/1269/733
f 1221/1216/734 1275/1270/734 1276/1271/734
f 1221/1216/734 1276/1271/734 1277/1272/734
f 1278/1273/735 1279/1274/735 1280/1275/735
f 1278/1273/735 1280/1275/735 1281/1276/735
f 1282/1277/736 1283/1278/736 1284/1279/736
f 1282/1277/736 1284/1279/736 1266/1261/736
f 1285/1280/737 1286/1281/737 1287/1282/737
f 1285/1280/738 1287/1282/738 1288/1283/738
f 1220/1215/739 1289/1284/739 1275/1270/739
f 1220/1215/739 1275/1270/739 1221/1216/739
f 1277/1272/740 1276/1271/740 1290/1285/740
f 1277/1272/740 1290/1285/740 1291/1286/740
f 1230/1225/741 1229/1224/741 1292/1287/741
f 1230/1225/741 1292/1287/741 1218/1213/741
f 1293/1288/742 1282/1277/742 1266/1261/742
f 1293/1288/742 1266/1261/742 1265/1260/742
f 1222/1217/743 1221/1216/743 1277/1272/743
f 1222/1217/743 1277/1272/743 1294/1289/743
f 1263/1258/744 1295/1290/744 1296/1291/744
f 1263/1258/744 1296/1291/744 1264/1259/744
f 1294/1289/745 1277/1272/745 1291/1286/745
f 1294/1289/745 1291/1286/745 1297/1292/745
f 1259/1254/746 1258/1253/746 1274/1269/746
f 1259/1254/747 1274/1269/747 1298/1293/747
f 1253/1248/748 1252/1247/748 1271/1266/748
f 1253/1248/748 1271/1266/748 1299/1294/748
f 1300/1295/749 1301/1296/749 1302/1297/749
f 1300/1295/749 1302/1297/749 1303/1298/749
f 1264/1259/750 1296/1291/750 1304/1299/750
f 1264/1259/750 1304/1299/750 1305/1300/750
f 1218/1213/751 1292/1287/751 1306/1301/751
f 1218/1213/751 1306/1301/751 1215/1210/751
f 1297/1292/752 1291/1286/752 1307/1302/752
f 1297/1292/752 1307/1302/752 1308/1303/752
f 1309/1304/753 1310/1305/753 1311/1306/753
f 1309/1304/754 1311/1306/754 1312/1307/754
f 1238/1233/755 1237/1232/755 1313/1308/755
f 1238/1233/755 1313/1308/755 1314/1309/755
f 1315/1310/756 1316/1311/756 1301/1296/756
f 1315/1310/756 1301/1296/756 1300/1295/756
f 1268/1263/757 1267/1262/757 1310/1305/757
f 1268/1263/757 1310/1305/757 1309/1304/757
f 1317/1312/758 1318/1313/758 1243/1238/758
f 1317/1312/758 1243/1238/758 1242/1237/758
f 1280/1275/759 1319/1314/759 1320/1315/759
f 1280/1275/759 1320/1315/759 1321/1316/759
f 1322/1317/760 1323/1318/760 1324/1319/760
f 1322/1317/760 1324/1319/760 1325/1320/760
f 1269/1264/761 1326/1321/761 1327/1322/761
f 1269/1264/761 1327/1322/761 1270/1265/761
f 1272/1267/762 1328/1323/762 1329/1324/762
f 1272/1267/762 1329/1324/762 1273/1268/762
f 1275/1270/763 1330/1325/763 1331/1326/763
f 1275/1270/763 1331/1326/763 1276/1271/763
f 1279/1274/764 1332/1327/764 1319/1314/764
f 1279/1274/764 1319/1314/764 1280/1275/764
f 1283/1278/765 1333/1328/765 1334/1329/765
f 1283/1278/765 1334/1329/765 1284/1279/765
f 1286/1281/766 1335/1330/766 1336/1331/766
f 1286/1281/766 1336/1331/766 1287/1282/766
f 1301/1296/767 1322/1317/767 1325/1320/767
f 1301/1296/767 1325/1320/767 1302/1297/767
f 1281/1276/768 1280/1275/768 1321/1316/768
f 1281/1276/768 1321/1316/768 1337/1332/768
f 1338/1333/769 1339/1334/769 1340/1335/769
f 1338/1333/769 1340/1335/769 1341/1336/769
f 1291/1286/770 1290/1285/770 1342/1337/770
f 1291/1286/770 1342/1337/770 1307/1302/770
f 1310/1305/771 1343/1338/771 1344/1339/771
f 1310/1305/771 1344/1339/771 1311/1306/771
f 1266/1261/772 1284/1279/772 1345/1340/772
f 1266/1261/772 1345/1340/772 1267/1262/772
f 1237/1232/773 1346/1341/773 1347/1342/773
f 1237/1232/773 1347/1342/773 1313/1308/773
f 1316/1311/774 1348/1343/774 1322/1317/774
f 1316/1311/774 1322/1317/774 1301/1296/774
f 1243/1238/775 1349/1344/775 1350/1345/775
f 1243/1238/775 1350/1345/775 1244/1239/775
f 1318/1313/776 1351/1346/776 1349/1344/776
f 1318/1313/776 1349/1344/776 1243/1238/776
f 1267/1262/777 1345/1340/777 1343/1338/777
f 1267/1262/777 1343/1338/777 1310/1305/777
f 1352/1347/778 1353/1348/778 1286/1281/778
f 1352/1347/778 1286/1281/778 1285/1280/778
f 1288/1283/779 1287/1282/779 1339/1334/779
f 1288/1283/779 1339/1334/779 1338/1333/779
f 1251/1246/780 1354/1349/780 1269/1264/780
f 1251/1246/780 1269/1264/780 1252/1247/780
f 1244/1239/781 1350/1345/781 1272/1267/781
f 1244/1239/781 1272/1267/781 1258/1253/781
f 1236/1231/782 1355/1350/782 1346/1341/782
f 1236/1231/782 1346/1341/782 1237/1232/782
f 1356/1351/398 1357/1352/398 1358/1353/398
f 1359/1354/399 1360/1355/399 1361/1356/399
f 1359/1354/398 1361/1356/398 1362/1357/398
f 1363/1358/398 1364/1359/398 1365/1360/398
f 1366/1361/399 1367/1362/398 1368/1363/398
f 1366/1361/398 1368/1363/398 1369/1364/398
f 1370/1365/398 1371/1366/398 1363/1358/398
f 1367/1362/398 1372/1367/398 1373/1368/398
f 1367/1362/401 1373/1368/399 1368/1363/401
f 1358/1353/399 1374/1369/399 1375/1370/399
f 1360/1355/400 1376/1371/400 1377/1372/400
f 1360/1355/398 1377/1372/400 1361/1356/398
f 1339/1334/783 1378/1373/783 1379/1374/783
f 1339/1334/783 1379/1374/783 1340/1335/783
f 1290/1285/784 1380/1375/784 1381/1376/784
f 1290/1285/784 1381/1376/784 1342/1337/784
f 1343/1338/785 1382/1377/785 1383/1378/785
f 1343/1338/785 1383/1378/785 1344/1339/785
f 1284/1279/786 1334/1329/786 1384/1379/786
f 1284/1279/786 1384/1379/786 1345/1340/786
f 1346/1341/787 1385/1380/787 1386/1381/787
f 1346/1341/787 1386/1381/787 1347/1342/787
f 1348/1343/788 1387/1382/788 1323/1318/788
f 1348/1343/788 1323/1318/788 1322/1317/788
f 1349/1344/789 1388/1383/789 1389/1384/789
f 1349/1344/789 1389/1384/789 1350/1345/789
f 1351/1346/790 1390/1385/790 1388/1383/790
f 1351/1346/790 1388/1383/790 1349/1344/790
f 1345/1340/791 1384/1379/791 1382/1377/791
f 1345/1340/791 1382/1377/791 1343/1338/791
f 1353/1348/792 1391/1386/792 1335/1330/792
f 1353/1348/792 1335/1330/792 1286/1281/792
f 1287/1282/793 1336/1331/793 1378/1373/793
f 1287/1282/793 1378/1373/793 1339/1334/793
f 1354/1349/794 1392/1387/794 1326/1321/794
f 1354/1349/794 1326/1321/794 1269/1264/794
f 1350/1345/795 1389/1384/795 1328/1323/795
f 1350/1345/795 1328/1323/795 1272/1267/795
f 1355/1350/796 1393/1388/796 1385/1380/796
f 1355/1350/796 1385/1380/796 1346/1341/796
f 1276/1271/797 1331/1326/797 1380/1375/797
f 1276/1271/797 1380/1375/797 1290/1285/797
f 1289/1284/798 1394/1389/798 1330/1325/798
f 1289/1284/798 1330/1325/798 1275/1270/798
f 1395/1390/799 761/757/800 760/756/801
f 1395/1390/799 760/756/801 1396/1391/800
f 760/756/423 763/759/423 1397/1392/423
f 760/756/423 1397/1392/423 1396/1391/423
f 1398/1393/802 1399/1394/803 1400/1395/802
f 1398/1393/802 1400/1395/802 1401/1396/802
f 1402/1397/804 1403/1398/804 1404/1399/804
f 1402/1397/804 1404/1399/804 1405/1400/804
f 1406/1401/805 1407/1402/805 1408/1403/805
f 1406/1401/805 1408/1403/805 1409/1404/805
f 1410/1405/806 1411/1406/806 1412/1407/806
f 1410/1405/806 1412/1407/806 1413/1408/806
f 1414/1409/807 1415/1410/807 1416/1411/808
f 1414/1409/807 1416/1411/808 1417/1412/808
f 1418/1413/809 1419/1414/809 1420/1415/809
f 1418/1413/809 1420/1415/809 1421/1416/809
f 1422/1417/810 1423/1418/811 1410/1405/812
f 1422/1417/810 1410/1405/812 1424/1419/812
f 1425/1420/813 1426/1421/813 1427/1422/813
f 1425/1420/814 1427/1422/814 1428/1423/814
f 1429/1424/815 1430/1425/815 1431/1426/815
f 1429/1424/815 1431/1426/815 1432/1427/815
f 10/10/816 33/32/816 1433/1428/816
f 10/10/816 1433/1428/816 1434/1429/816
f 1435/1430/817 1436/1431/817 1437/1432/818
f 1435/1430/817 1437/1432/818 1438/1433/818
f 1426/1421/819 1439/1434/819 1440/1435/819
f 1426/1421/819 1440/1435/819 1427/1422/819
f 1409/1404/820 1408/1403/820 1441/1436/820
f 1409/1404/820 1441/1436/820 1442/1437/821
f 1424/1419/822 1410/1405/822 1413/1408/822
f 1424/1419/822 1413/1408/822 1443/1438/822
f 1408/1403/823 1444/1439/823 1445/1440/823
f 1408/1403/823 1445/1440/823 1441/1436/823
f 1446/1441/824 1447/1442/824 1448/1443/824
f 1446/1441/825 1448/1443/825 1449/1444/825
f 1433/1428/826 1450/1445/826 1451/1446/826
f 1433/1428/826 1451/1446/826 1452/1447/826
f 1440/1435/827 1453/1448/827 1454/1449/827
f 1440/1435/827 1454/1449/827 1455/1450/827
f 1404/1399/828 1456/1451/828 1457/1452/828
f 1404/1399/828 1457/1452/828 1458/1453/828
f 1459/1454/829 1460/1455/829 1461/1456/829
f 1459/1454/829 1461/1456/829 1462/1457/829
f 1463/1458/830 1449/1444/830 1464/1459/830
f 1463/1458/830 1464/1459/830 1465/1460/830
f 1466/1461/831 1467/1462/831 1468/1463/831
f 1466/1461/831 1468/1463/831 1469/1464/831
f 1405/1400/832 1404/1399/832 1458/1453/832
f 1405/1400/832 1458/1453/832 1470/1465/832
f 1456/1451/833 1471/1466/833 1472/1467/833
f 1456/1451/833 1472/1467/833 1457/1452/833
f 1411/1406/834 1473/1468/834 1474/1469/834
f 1411/1406/834 1474/1469/834 1412/1407/834
f 1475/1470/835 1446/1441/835 1449/1444/835
f 1475/1470/835 1449/1444/835 1463/1458/835
f 1403/1398/836 1476/1471/836 1456/1451/836
f 1403/1398/836 1456/1451/836 1404/1399/836
f 1445/1440/837 1444/1439/837 1477/1472/837
f 1445/1440/838 1477/1472/838 1478/1473/838
f 1476/1471/839 1479/1474/839 1471/1466/839
f 1476/1471/839 1471/1466/839 1456/1451/839
f 1439/1434/840 1480/1475/840 1453/1448/840
f 1439/1434/840 1453/1448/840 1440/1435/840
f 33/32/841 9/9/841 1450/1445/841
f 33/32/842 1450/1445/842 1433/1428/842
f 32/31/843 25/24/843 1481/1476/843
f 32/31/843 1481/1476/843 1482/1477/843
f 1444/1439/844 1483/1478/844 1484/1479/844
f 1444/1439/844 1484/1479/844 1477/1472/844
f 1473/1468/845 1485/1480/845 1486/1481/845
f 1473/1468/846 1486/1481/846 1474/1469/846
f 1479/1474/847 1487/1482/847 1488/1483/847
f 1479/1474/847 1488/1483/847 1471/1466/847
f 1489/1484/848 1490/1485/848 1491/1486/848
f 1489/1484/848 1491/1486/848 1492/1487/848
f 1419/1414/849 1493/1488/849 1494/1489/849
f 1419/1414/849 1494/1489/849 1420/1415/849
f 26/25/850 32/31/850 1482/1477/850
f 26/25/850 1482/1477/850 1495/1490/850
f 1447/1442/851 1489/1484/851 1492/1487/851
f 1447/1442/851 1492/1487/851 1448/1443/851
f 1496/1491/852 1425/1420/852 1428/1423/852
f 1496/1491/852 1428/1423/852 1497/1492/852
f 1461/1456/853 1498/1493/853 1499/1494/853
f 1461/1456/853 1499/1494/853 1500/1495/853
f 1501/1496/854 1502/1497/854 1503/1498/854
f 1501/1496/854 1503/1498/854 1504/1499/854
f 1452/1447/855 1451/1446/855 1505/1500/855
f 1452/1447/855 1505/1500/855 1506/1501/855
f 1455/1450/856 1454/1449/856 1507/1502/856
f 1455/1450/856 1507/1502/856 1508/1503/856
f 1458/1453/857 1457/1452/857 1509/1504/857
f 1458/1453/857 1509/1504/857 1510/1505/857
f 1462/1457/858 1461/1456/858 1500/1495/858
f 1462/1457/858 1500/1495/858 1511/1506/858
f 1465/1460/859 1464/1459/859 1512/1507/859
f 1465/1460/859 1512/1507/859 1513/1508/859
f 1469/1464/860 1468/1463/860 1514/1509/860
f 1469/1464/860 1514/1509/860 1515/1510/860
f 1482/1477/861 1481/1476/861 1502/1497/861
f 1482/1477/861 1502/1497/861 1501/1496/861
f 1460/1455/862 1516/1511/862 1498/1493/862
f 1460/1455/862 1498/1493/862 1461/1456/862
f 1517/1512/863 1518/1513/863 1519/1514/863
f 1517/1512/863 1519/1514/863 1520/1515/863
f 1471/1466/864 1488/1483/864 1521/1516/864
f 1471/1466/864 1521/1516/864 1472/1467/864
f 1492/1487/865 1491/1486/865 1522/1517/865
f 1492/1487/865 1522/1517/865 1523/1518/865
f 1449/1444/866 1448/1443/866 1524/1519/866
f 1449/1444/866 1524/1519/866 1464/1459/866
f 1420/1415/867 1494/1489/867 1525/1520/867
f 1420/1415/867 1525/1520/867 1526/1521/867
f 1495/1490/868 1482/1477/868 1501/1496/868
f 1495/1490/868 1501/1496/868 1527/1522/868
f 1428/1423/869 1427/1422/869 1528/1523/869
f 1428/1423/869 1528/1523/869 1529/1524/869
f 1497/1492/870 1428/1423/870 1529/1524/870
f 1497/1492/870 1529/1524/870 1530/1525/870
f 1448/1443/871 1492/1487/871 1523/1518/871
f 1448/1443/871 1523/1518/871 1524/1519/871
f 1531/1526/872 1466/1461/872 1469/1464/872
f 1531/1526/872 1469/1464/872 1532/1527/872
f 1467/1462/873 1517/1512/873 1520/1515/873
f 1467/1462/873 1520/1515/873 1468/1463/873
f 1434/1429/874 1433/1428/874 1452/1447/874
f 1434/1429/874 1452/1447/874 1533/1528/874
f 1427/1422/875 1440/1435/875 1455/1450/875
f 1427/1422/875 1455/1450/875 1528/1523/875
f 1421/1416/876 1420/1415/876 1526/1521/876
f 1421/1416/876 1526/1521/876 1534/1529/876
f 1535/1530/877 1536/1531/877 1537/1532/877
f 1538/1533/877 1539/1534/877 1540/1535/877
f 1538/1533/877 1540/1535/877 1541/1536/878
f 1542/1537/877 1543/1538/877 1544/1539/877
f 1545/1540/877 1546/1541/877 1547/1542/877
f 1545/1540/879 1547/1542/880 1548/1542/880
f 1549/1543/877 1542/1537/877 1550/1544/877
f 1548/1542/878 1547/1542/878 1551/1545/879
f 1548/1542/877 1551/1545/877 1552/1546/877
f 1536/1531/881 1553/1547/881 1554/1548/881
f 1541/1536/882 1540/1535/882 1555/1549/882
f 1541/1536/880 1555/1549/880 1556/1550/880
f 1520/1515/883 1519/1514/883 1557/1551/883
f 1520/1515/883 1557/1551/883 1558/1552/883
f 1472/1467/884 1521/1516/884 1559/1553/884
f 1472/1467/884 1559/1553/884 1560/1554/884
f 1523/1518/885 1522/1517/885 1561/1555/885
f 1523/1518/885 1561/1555/885 1562/1556/885
f 1464/1459/886 1524/1519/886 1563/1557/886
f 1464/1459/886 1563/1557/886 1512/1507/886
f 1526/1521/887 1525/1520/887 1564/1558/887
f 1526/1521/887 1564/1558/887 1565/1559/887
f 1527/1522/888 1501/1496/888 1504/1499/888
f 1527/1522/888 1504/1499/888 1566/1560/888
f 1529/1524/889 1528/1523/889 1567/1561/889
f 1529/1524/889 1567/1561/889 1568/1562/889
f 1530/1525/890 1529/1524/890 1568/1562/890
f 1530/1525/890 1568/1562/890 1569/1563/890
f 1524/1519/891 1523/1518/891 1562/1556/891
f 1524/1519/891 1562/1556/891 1563/1557/891
f 1532/1527/892 1469/1464/892 1515/1510/892
f 1532/1527/892 1515/1510/892 1570/1564/892
f 1468/1463/893 1520/1515/893 1558/1552/893
f 1468/1463/893 1558/1552/893 1514/1509/893
f 1533/1528/894 1452/1447/894 1506/1501/894
f 1533/1528/894 1506/1501/894 1571/1565/894
f 1528/1523/895 1455/1450/895 1508/1503/895
f 1528/1523/895 1508/1503/895 1567/1561/895
f 1534/1529/896 1526/1521/896 1565/1559/896
f 1534/1529/896 1565/1559/896 1572/1566/896
f 1457/1452/897 1472/1467/897 1560/1554/897
f 1457/1452/897 1560/1554/897 1509/1504/897
f 1470/1465/898 1458/1453/898 1510/1505/898
f 1470/1465/898 1510/1505/898 1573/1567/898
f 1574/1568/899 373/372/900 381/380/900
f 1574/1568/899 381/380/900 1575/1569/900
f 1576/1570/901 1577/1571/902 1578/1572/901
f 1576/1570/901 1578/1572/901 1579/1573/901
f 326/325/903 371/370/903 373/372/903
f 326/325/903 373/372/903 1574/1568/903
f 323/322/904 1580/1574/904 1581/1575/905
f 323/322/904 1581/1575/905 324/323/904
f 324/323/906 1581/1575/907 1582/1576/908
f 324/323/906 1582/1576/908 1583/1577/907
f 339/338/909 338/337/910 1584/1578/911
f 339/338/909 1584/1578/911 1585/1579/910
f 343/342/912 342/341/913 371/370/913
f 343/342/912 371/370/913 1586/1580/914
f 349/348/915 348/347/916 1587/1581/917
f 349/348/915 1587/1581/917 1588/1582/915
f 351/350/918 350/349/918 1589/1583/918
f 351/350/918 1589/1583/918 1590/1584/918
f 353/352/919 343/342/920 1586/1580/920
f 353/352/919 1586/1580/920 1591/1585/919
f 323/322/921 354/353/922 1592/1586/923
f 323/322/921 1592/1586/923 1580/1574/921
f 354/353/924 351/350/924 1590/1584/924
f 354/353/924 1590/1584/924 1592/1586/924
f 348/347/925 353/352/925 1591/1585/925
f 348/347/925 1591/1585/925 1587/1581/925
f 350/349/926 355/354/926 1593/1587/927
f 350/349/926 1593/1587/927 1589/1583/926
f 1594/1588/928 1595/1589/928 1021/1017/928
f 1594/1588/928 1021/1017/928 1013/1009/928
f 1596/1590/929 1597/1591/929 1598/1592/929
f 1596/1590/929 1598/1592/929 1599/1593/930
f 970/966/931 1594/1588/931 1013/1009/931
f 970/966/931 1013/1009/931 1012/1008/931
f 968/964/932 967/963/932 1600/1594/933
f 968/964/932 1600/1594/933 1601/1595/932
f 967/963/934 1602/1596/935 1603/1597/936
f 967/963/934 1603/1597/936 1600/1594/935
f 979/975/937 1604/1598/938 1605/1599/939
f 979/975/937 1605/1599/939 980/976/938
f 983/979/940 1606/1600/941 1012/1008/941
f 983/979/940 1012/1008/941 984/980/941
f 989/985/942 1607/1601/942 1608/1602/943
f 989/985/942 1608/1602/943 990/986/944
f 992/988/945 1609/1603/945 1610/1604/945
f 992/988/945 1610/1604/945 993/989/945
f 995/991/946 1611/1605/946 1606/1600/947
f 995/991/946 1606/1600/947 983/979/947
f 968/964/948 1601/1595/948 1612/1606/949
f 968/964/948 1612/1606/949 996/992/950
f 996/992/951 1612/1606/951 1609/1603/951
f 996/992/951 1609/1603/951 992/988/951
f 990/986/952 1608/1602/952 1611/1605/952
f 990/986/952 1611/1605/952 995/991/952
f 993/989/953 1610/1604/953 1613/1607/954
f 993/989/953 1613/1607/954 997/993/953
f 969/965/955 1614/1608/955 1594/1588/955
f 969/965/955 1594/1588/955 970/966/955
f 1614/1608/956 1615/1609/956 1595/1589/957
f 1614/1608/956 1595/1589/957 1594/1588/956
f 1597/1591/958 1015/1011/958 1018/1014/958
f 1597/1591/958 1018/1014/958 1598/1592/958
f 1601/1595/959 1600/1594/959 998/994/959
f 1601/1595/959 998/994/959 948/944/959
f 1600/1594/960 1603/1597/960 999/995/960
f 1600/1594/960 999/995/960 998/994/960
f 1604/1598/961 972/968/961 975/971/961
f 1604/1598/961 975/971/961 1605/1599/961
f 1606/1600/962 951/947/962 970/966/962
f 1606/1600/962 970/966/962 1012/1008/963
f 1607/1601/964 960/956/964 876/872/964
f 1607/1601/964 876/872/964 1608/1602/964
f 1609/1603/965 892/888/965 774/770/965
f 1609/1603/965 774/770/965 1610/1604/965
f 1611/1605/966 879/875/967 951/947/967
f 1611/1605/966 951/947/967 1606/1600/966
f 1601/1595/968 948/944/969 889/885/970
f 1601/1595/968 889/885/970 1612/1606/971
f 1612/1606/972 889/885/972 892/888/973
f 1612/1606/972 892/888/973 1609/1603/973
f 1608/1602/974 876/872/974 879/875/975
f 1608/1602/974 879/875/975 1611/1605/975
f 1610/1604/976 774/770/976 777/773/976
f 1610/1604/976 777/773/976 1613/1607/976
f 327/326/977 326/325/977 1574/1568/977
f 327/326/977 1574/1568/977 1616/1610/977
f 1616/1610/978 1574/1568/979 1575/1569/980
f 1616/1610/978 1575/1569/980 1617/1611/979
f 1579/1573/981 1578/1572/981 375/374/981
f 1579/1573/981 375/374/981 374/373/981
f 1580/1574/982 297/296/982 356/355/982
f 1580/1574/982 356/355/982 1581/1575/982
f 1581/1575/983 356/355/983 359/358/983
f 1581/1575/983 359/358/983 1582/1576/983
f 1585/1579/984 1584/1578/984 331/330/984
f 1585/1579/984 331/330/984 330/329/984
f 1586/1580/985 371/370/986 326/325/985
f 1586/1580/985 326/325/985 299/298/985
f 1588/1582/987 1587/1581/987 190/189/987
f 1588/1582/987 190/189/987 315/314/987
f 1590/1584/988 1589/1583/989 48/47/988
f 1590/1584/988 48/47/988 209/208/988
f 1591/1585/990 1586/1580/991 299/298/990
f 1591/1585/990 299/298/990 191/190/990
f 1580/1574/992 1592/1586/993 208/207/994
f 1580/1574/992 208/207/994 297/296/995
f 1592/1586/996 1590/1584/997 209/208/996
f 1592/1586/996 209/208/996 208/207/996
f 1587/1581/998 1591/1585/999 191/190/999
f 1587/1581/998 191/190/999 190/189/998
f 1589/1583/1000 1593/1587/1000 49/48/1000
f 1589/1583/1000 49/48/1000 48/47/1000
f 1618/1590/1001 1619/1612/1002 267/266/1001
f 1618/1590/1001 267/266/1001 266/265/1001
f 1620/1613/1003 1621/1614/1003 262/261/1003
f 1620/1613/1003 262/261/1003 242/241/1004
f 55/54/1005 54/53/1005 257/256/1006
f 55/54/1005 257/256/1006 256/255/1007
f 1622/1615/1008 1620/1613/1008 242/241/1008
f 1622/1615/1008 242/241/1008 241/240/1008
f 225/224/1009 224/223/1010 237/236/1010
f 225/224/1009 237/236/1010 228/227/1010
f 231/230/1011 225/224/1011 228/227/1011
f 231/230/1011 228/227/1011 227/226/1011
f 1623/1616/1012 930/926/1012 933/929/1013
f 1623/1616/1012 933/929/1013 1624/1617/1012
f 1625/1618/1014 916/912/1014 928/924/1014
f 1625/1618/1014 928/924/1014 1626/1619/1014
f 779/775/1015 923/919/1016 924/920/1016
f 779/775/1015 924/920/1016 780/776/1015
f 1627/1620/1017 913/909/1018 916/912/1017
f 1627/1620/1017 916/912/1017 1625/1618/1017
f 900/896/1019 905/901/1019 910/906/1020
f 900/896/1019 910/906/1020 901/897/1019
f 906/902/1021 902/898/1021 905/901/1021
f 906/902/1021 905/901/1021 900/896/1021
f 1010/1006/1022 1628/1621/1023 1629/1622/1023
f 1010/1006/1022 1629/1622/1023 1011/1007/1024
f 1014/1010/1025 1033/1029/1025 1629/1622/1025
f 1014/1010/1025 1629/1622/1025 1628/1621/1025
f 984/980/1026 1014/1010/1026 1628/1621/1026
f 984/980/1026 1628/1621/1026 1010/1006/1026
f 1033/1029/1027 985/981/1027 1011/1007/1027
f 1033/1029/1027 1011/1007/1027 1629/1622/1027
f 1630/1623/1028 370/369/1029 369/368/1030
f 1630/1623/1028 369/368/1030 1631/1624/1031
f 342/341/1032 341/340/1032 370/369/1032
f 342/341/1032 370/369/1032 1630/1623/1032
f 368/367/1033 372/371/1033 1631/1624/1033
f 368/367/1033 1631/1624/1033 369/368/1033
f 372/371/1034 342/341/1034 1630/1623/1034
f 372/371/1034 1630/1623/1034 1631/1624/1034
f 1632/1625/36 1633/1626/36 76/75/36
f 1632/1625/36 76/75/36 75/74/36
f 74/73/36 235/234/36 1632/1625/36
f 74/73/36 1632/1625/36 75/74/36
f 235/234/36 46/45/36 1633/1626/36
f 235/234/36 1633/1626/36 1632/1625/36
f 46/45/36 45/44/36 76/75/36
f 46/45/36 76/75/36 1633/1626/36
f 1634/1627/36 1635/1628/36 1636/1629/36
f 1634/1627/36 1636/1629/36 1637/1630/36
f 1636/1629/36 1638/1631/36 1639/1632/36
f 1636/1629/36 1639/1632/36 1637/1630/36
f 1635/1628/36 1640/1633/36 1638/1631/36
f 1635/1628/36 1638/1631/36 1636/1629/36
f 1640/1633/36 1641/1634/36 1639/1632/36
f 1640/1633/36 1639/1632/36 1638/1631/36
f 1641/1634/36 1634/1627/36 1637/1630/36
f 1641/1634/36 1637/1630/36 1639/1632/36
f 296/295/97 1642/1635/97 280/279/97
f 1642/1635/97 296/295/97 1643/1636/97
f 1644/1637/1035 1645/1638/1035 1646/1639/1035
f 1645/1638/1035 1644/1637/1035 1647/1640/1036
f 1647/1640/1036 1644/1637/1035 1648/1641/1036
f 1647/1640/1036 1648/1641/1036 1649/1642/1035
f 1650/1643/1037 1651/1644/1038 1652/1645/1038
f 1651/1644/1038 1650/1643/1037 1653/1646/1037
f 1654/1647/1039 1655/1648/1039 1653/1646/1039
f 1656/1649/1040 1657/1650/1040 1658/1651/1040
f 1657/1650/1040 1656/1649/1040 1659/1652/1040
f 112/111/1041 433/432/1041 445/444/1041
f 433/432/1042 112/111/1043 111/110/1044
f 433/432/1042 111/110/1044 415/414/1043
f 1652/1645/1045 1660/1653/1045 1661/1654/1045
f 1660/1653/1046 1652/1645/1047 1662/1655/1046
f 1662/1655/1046 1652/1645/1047 1663/1656/1046
f 1663/1656/1046 1652/1645/1047 1664/1657/1048
f 1664/1657/1048 1652/1645/1047 1665/1658/1046
f 1651/1644/1049 758/754/1049 1652/1645/1050
f 758/754/1049 1651/1644/1049 759/755/1049
f 759/755/1049 1651/1644/1049 762/758/1049
f 169/168/1051 1666/1659/1052 1667/1660/1051
f 1666/1659/1052 169/168/1051 168/167/1051
f 1666/1659/1052 168/167/1051 443/442/1051
f 446/445/1053 283/282/1054 282/281/1055
f 283/282/1054 446/445/1053 433/432/1056
f 433/432/1056 446/445/1053 445/444/1057
f 281/280/1058 1668/1661/1058 1669/1662/1058
f 1668/1661/1059 281/280/1060 280/279/1061
f 1668/1661/1059 280/279/1061 1670/1663/1062
f 1670/1663/1060 280/279/1060 1642/1635/1060
f 1671/1664/1063 1666/1659/1064 1672/1665/1063
f 1666/1659/1064 1671/1664/1063 1667/1660/1065
f 1667/1660/1065 1671/1664/1063 1673/1666/1063
f 422/421/1066 439/438/1066 438/437/1067
f 439/438/1066 422/421/1066 449/448/1066
f 449/448/1066 422/421/1066 421/420/1066
f 449/448/1066 421/420/1066 450/449/1066
f 466/465/295 464/463/295 463/462/295
f 464/463/1068 466/465/1068 465/464/1068
f 464/463/302 465/464/302 1674/1667/302
f 1674/1667/1068 465/464/1068 1675/1668/1068
f 1675/1668/1068 465/464/1068 1676/1669/1068
f 466/465/1068 462/461/1068 429/428/1068
f 462/461/1068 466/465/1068 463/462/1068
f 429/428/1068 462/461/1068 1677/1670/1068
f 429/428/1068 1677/1670/1068 491/490/1068
f 429/428/1068 491/490/1068 490/489/1068
f 465/464/302 1678/1671/302 1676/1669/302
f 1678/1671/1068 465/464/1068 430/429/1068
f 1678/1671/302 430/429/302 1679/1672/302
f 1679/1672/1068 430/429/1068 1680/1673/1068
f 1680/1673/1068 430/429/1068 1681/1674/1068
f 429/428/1068 489/488/1068 430/429/1068
f 489/488/1068 429/428/1068 490/489/1068
f 430/429/1068 489/488/1068 1682/1675/1068
f 430/429/1068 1682/1675/1068 1683/1676/1068
f 430/429/1068 1683/1676/1068 1681/1674/1068
f 1684/1677/1069 761/757/1069 1685/1678/1069
f 761/757/1070 1684/1677/1071 1686/1679/1069
f 761/757/1070 1686/1679/1069 1687/1680/1069
f 761/757/1070 1687/1680/1069 1688/1681/1069
f 761/757/1070 1688/1681/1069 1689/1682/1069
f 1652/1645/1072 1690/1683/1072 1665/1658/1072
f 1690/1683/1072 1652/1645/1072 1691/1684/1073
f 1692/1685/1072 761/757/1072 1689/1682/1072
f 761/757/1072 1692/1685/1072 1691/1684/1072
f 761/757/1073 1691/1684/1073 1652/1645/1073
f 1661/1654/1074 1693/1686/1074 1685/1678/1074
f 1693/1686/1075 1661/1654/1075 1660/1653/1075
f 1685/1678/1076 1693/1686/1075 1694/1687/1076
f 1685/1678/1076 1695/1688/1076 1684/1677/1076
f 1695/1688/1076 1685/1678/1076 1694/1687/1076
f 762/758/1077 1696/1689/1078 763/759/1077
f 1696/1689/1078 762/758/1077 1651/1644/1077
f 1696/1689/1078 1651/1644/1077 1654/1647/1077
f 941/937/97 1643/1636/97 296/295/97
f 1643/1636/97 941/937/97 1697/1690/97
f 1698/1691/1079 1699/1692/1080 1700/1693/1079
f 1699/1692/1080 1698/1691/1079 1701/1694/1080
f 1701/1694/1080 1698/1691/1079 1702/1695/1080
f 1701/1694/1080 1702/1695/1080 1703/1696/1080
f 1704/1697/1081 1705/1698/1082 1706/1699/1081
f 1705/1698/1082 1704/1697/1081 1707/1700/1083
f 1708/1701/1084 1707/1700/1085 1709/1702/1085
f 1710/1703/1040 1656/1649/1040 1658/1651/1040
f 1656/1649/1040 1710/1703/1040 1711/1704/1040
f 1071/1067/1086 825/821/1086 1083/1079/1086
f 825/821/1087 1071/1067/1087 822/818/1088
f 822/818/1088 1071/1067/1087 1054/1050/1089
f 1712/1705/1090 1706/1699/1090 1713/1706/1090
f 1706/1699/1091 1712/1705/1092 1714/1707/1092
f 1706/1699/1091 1714/1707/1092 1715/1708/1092
f 1706/1699/1091 1715/1708/1092 1716/1709/1093
f 1706/1699/1091 1716/1709/1093 1717/1710/1092
f 1396/1391/1094 1706/1699/1094 1395/1390/1094
f 1706/1699/1094 1396/1391/1094 1704/1697/1094
f 1704/1697/1094 1396/1391/1094 1397/1392/1094
f 1718/1711/1095 864/860/1095 1719/1712/1095
f 864/860/1095 1718/1711/1095 861/857/1095
f 861/857/1095 1718/1711/1095 1080/1076/1095
f 942/938/1096 1082/1078/1097 943/939/1098
f 1082/1078/1097 942/938/1096 1071/1067/1099
f 1082/1078/1097 1071/1067/1099 1083/1079/1100
f 941/937/1101 1720/1713/1101 1697/1690/1101
f 1720/1713/1102 941/937/1102 940/936/1102
f 1720/1713/1103 940/936/1103 1721/1714/1103
f 1721/1714/1101 940/936/1101 1722/1715/1101
f 1723/1716/1104 1719/1712/1105 1724/1717/1106
f 1719/1712/1105 1723/1716/1104 1718/1711/1105
f 1718/1711/1105 1723/1716/1104 1725/1718/1104
f 1079/1075/1107 1058/1054/1108 1076/1072/1107
f 1058/1054/1108 1079/1075/1107 1086/1082/1108
f 1058/1054/1108 1086/1082/1108 1059/1055/1108
f 1059/1055/1108 1086/1082/1108 1085/1081/1108
f 1105/1101/1109 1099/1095/1109 1102/1098/1109
f 1099/1095/681 1105/1101/681 1100/1096/681
f 1102/1098/686 1099/1095/686 1726/1719/686
f 1102/1098/1109 1726/1719/1109 1727/1720/1109
f 1102/1098/1109 1727/1720/1109 1728/1721/1109
f 1105/1101/1109 1101/1097/1109 1100/1096/1109
f 1101/1097/1109 1105/1101/1109 1069/1065/1109
f 1101/1097/678 1069/1065/678 1729/1722/678
f 1729/1722/1109 1069/1065/1109 1128/1124/1109
f 1128/1124/1109 1069/1065/1109 1129/1125/1109
f 1730/1723/686 1102/1098/686 1728/1721/686
f 1102/1098/1109 1730/1723/1109 1068/1064/1109
f 1068/1064/686 1730/1723/686 1731/1724/686
f 1068/1064/1109 1731/1724/1109 1732/1725/1109
f 1068/1064/1109 1732/1725/1109 1733/1726/1109
f 1069/1065/1109 1126/1122/1109 1129/1125/1109
f 1126/1122/1109 1069/1065/1109 1068/1064/1109
f 1126/1122/1109 1068/1064/1109 1734/1727/1109
f 1734/1727/1109 1068/1064/1109 1735/1728/1109
f 1735/1728/1109 1068/1064/1109 1733/1726/1109
f 761/757/1110 1736/1729/1110 1685/1678/1110
f 1736/1729/1110 761/757/1045 1737/1730/1110
f 1737/1730/1110 761/757/1045 1738/1731/1110
f 1738/1731/1110 761/757/1045 1739/1732/1110
f 1739/1732/1110 761/757/1045 1740/1733/1110
f 761/757/1111 1741/1734/1111 1740/1733/1072
f 1741/1734/1111 761/757/1111 1742/1735/1111
f 1743/1736/1073 1706/1699/1112 1717/1710/1072
f 1706/1699/1112 1743/1736/1073 1742/1735/1112
f 1706/1699/1113 1742/1735/1113 761/757/1113
f 1736/1729/1075 1713/1706/1075 1685/1678/1075
f 1713/1706/1114 1736/1729/1076 1744/1737/1076
f 1713/1706/1114 1744/1737/1076 1745/1738/1076
f 1713/1706/1114 1746/1739/1075 1712/1705/1076
f 1746/1739/1075 1713/1706/1114 1745/1738/1076
f 1696/1689/1115 1397/1392/1115 763/759/1116
f 1397/1392/1115 1696/1689/1115 1704/1697/1116
f 1704/1697/1116 1696/1689/1115 1708/1701/1116
# Vertices: 1746, normals: 1116, texture coordinates: 1739, faces: 1788

